participant,age,block,trial,lane,is_multi_lane,time_difference_ms,early_late,points,feedback,error_type,keys_pressed,correct_keys,num_presses,had_incorrect_press,first_incorrect_ms
0804_T6_heldown_newtongraphing_constantforce,22,pretest,1,v,FALSE,1013.31,Miss,-2,Miss!,timeout,,v,0,FALSE,
0804_T6_heldown_newtongraphing_constantforce,22,pretest,2,v,FALSE,1014.64,Miss,-2,Miss!,timeout,,v,0,FALSE,
0804_T6_heldown_newtongraphing_constantforce,22,pretest,3,v,FALSE,1015.63,Miss,-2,Miss!,timeout,,v,0,FALSE,
0804_T6_heldown_newtongraphing_constantforce,22,pretest,4,v,FALSE,1010.41,Miss,-2,Miss!,timeout,,v,0,FALSE,
0804_T6_heldown_newtongraphing_constantforce,22,pretest,5,v,FALSE,1010.36,Miss,-2,Miss!,timeout,,v,0,FALSE,
0804_T6_heldown_newtongraphing_constantforce,22,pretest,6,v,FALSE,1007.67,Miss,-2,Miss!,timeout,,v,0,FALSE,
0804_T6_heldown_newtongraphing_constantforce,22,pretest,7,v,FALSE,1002.57,Miss,-2,Miss!,timeout,,v,0,FALSE,
0804_T6_heldown_newtongraphing_constantforce,22,pretest,8,v,FALSE,1003.6,Miss,-2,Miss!,timeout,,v,0,FALSE,
0804_T6_heldown_newtongraphing_constantforce,22,pretest,9,v,FALSE,1002.47,Miss,-2,Miss!,timeout,,v,0,FALSE,
0804_T6_heldown_newtongraphing_constantforce,22,pretest,10,v,FALSE,1009.41,Miss,-2,Miss!,timeout,,v,0,FALSE,
0804_T6_heldown_newtongraphing_constantforce,22,pretest,11,v,FALSE,1004.26,Miss,-2,Miss!,timeout,,v,0,FALSE,
0804_T6_heldown_newtongraphing_constantforce,22,pretest,12,v,FALSE,1001.34,Miss,-2,Miss!,timeout,,v,0,FALSE,
0804_T6_heldown_newtongraphing_constantforce,22,pretest,13,v,FALSE,1014.5,Miss,-2,Miss!,timeout,,v,0,FALSE,
0804_T6_heldown_newtongraphing_constantforce,22,pretest,14,v,FALSE,1011.46,Miss,-2,Miss!,timeout,,v,0,FALSE,
0804_T6_heldown_newtongraphing_constantforce,22,pretest,15,v,FALSE,1006.39,Miss,-2,Miss!,timeout,,v,0,FALSE,
0804_T6_heldown_newtongraphing_constantforce,22,pretest,16,v,FALSE,1000.68,Miss,-2,Miss!,timeout,,v,0,FALSE,
0804_T6_heldown_newtongraphing_constantforce,22,pretest,17,v,FALSE,1004.99,Miss,-2,Miss!,timeout,,v,0,FALSE,
0804_T6_heldown_newtongraphing_constantforce,22,pretest,18,v,FALSE,1010.2,Miss,-2,Miss!,timeout,,v,0,FALSE,
0804_T6_heldown_newtongraphing_constantforce,22,pretest,19,v,FALSE,1005.94,Miss,-2,Miss!,timeout,,v,0,FALSE,
0804_T6_heldown_newtongraphing_constantforce,22,pretest,20,v,FALSE,761.13,Late,1,Late,,v,v,1,FALSE,
0804_T6_heldown_newtongraphing_constantforce,22,pretest,21,v,FALSE,163.8,Great,3,Great,,v,v,1,FALSE,
0804_T6_heldown_newtongraphing_constantforce,22,pretest,22,v,FALSE,133.26,Great,3,Great,,v,v,1,FALSE,
0804_T6_heldown_newtongraphing_constantforce,22,pretest,23,v,FALSE,147.59,Great,3,Great,,v,v,1,FALSE,
0804_T6_heldown_newtongraphing_constantforce,22,pretest,24,v,FALSE,166.66,Great,3,Great,,v,v,1,FALSE,
0804_T6_heldown_newtongraphing_constantforce,22,pretest,25,v,FALSE,181.69,Great,3,Great,,v,v,1,FALSE,
0804_T6_heldown_newtongraphing_constantforce,22,pretest,26,v,FALSE,166.03,Great,3,Great,,v,v,1,FALSE,
0804_T6_heldown_newtongraphing_constantforce,22,pretest,27,v,FALSE,194.75,Great,3,Great,,v,v,1,FALSE,
0804_T6_heldown_newtongraphing_constantforce,22,pretest,28,v,FALSE,132.74,Great,3,Great,,v,v,1,FALSE,
0804_T6_heldown_newtongraphing_constantforce,22,pretest,29,v,FALSE,179.99,Great,3,Great,,v,v,1,FALSE,
0804_T6_heldown_newtongraphing_constantforce,22,pretest,30,v,FALSE,181.01,Great,3,Great,,v,v,1,FALSE,
0804_T6_heldown_newtongraphing_constantforce,22,pretest,31,v,FALSE,212.22,Good,2,Good,,v,v,1,FALSE,
0804_T6_heldown_newtongraphing_constantforce,22,pretest,32,v,FALSE,180.91,Great,3,Great,,v,v,1,FALSE,
0804_T6_heldown_newtongraphing_constantforce,22,pretest,33,v,FALSE,181.47,Great,3,Great,,v,v,1,FALSE,
0804_T6_heldown_newtongraphing_constantforce,22,pretest,34,v,FALSE,224.9,Good,2,Good,,v,v,1,FALSE,
0804_T6_heldown_newtongraphing_constantforce,22,pretest,35,v,FALSE,199.6,Great,3,Great,,v,v,1,FALSE,
0804_T6_heldown_newtongraphing_constantforce,22,pretest,36,v,FALSE,216.0,Good,2,Good,,v,v,1,FALSE,
0804_T6_heldown_newtongraphing_constantforce,22,pretest,37,v,FALSE,134.42,Great,3,Great,,v,v,1,FALSE,
0804_T6_heldown_newtongraphing_constantforce,22,pretest,38,v,FALSE,149.72,Great,3,Great,,v,v,1,FALSE,
0804_T6_heldown_newtongraphing_constantforce,22,pretest,39,v,FALSE,281.79,Good,2,Good,,v,v,1,FALSE,
0804_T6_heldown_newtongraphing_constantforce,22,pretest,40,v,FALSE,165.96,Great,3,Great,,v,v,1,FALSE,
0804_T6_heldown_newtongraphing_constantforce,22,pretest,41,v,FALSE,131.28,Great,3,Great,,v,v,1,FALSE,
0804_T6_heldown_newtongraphing_constantforce,22,pretest,42,v,FALSE,152.97,Great,3,Great,,v,v,1,FALSE,
0804_T6_heldown_newtongraphing_constantforce,22,pretest,43,v,FALSE,-35.01,Great,3,Great,anticipatory_correct,v,v,1,FALSE,
0804_T6_heldown_newtongraphing_constantforce,22,pretest,44,v,FALSE,759.95,Late,1,Late,,v,v,1,FALSE,
0804_T6_heldown_newtongraphing_constantforce,22,pretest,45,v,FALSE,148.83,Great,3,Great,,v,v,1,FALSE,
0804_T6_heldown_newtongraphing_constantforce,22,pretest,46,v,FALSE,149.65,Great,3,Great,,v,v,1,FALSE,
0804_T6_heldown_newtongraphing_constantforce,22,pretest,47,v,FALSE,217.26,Good,2,Good,,v,v,1,FALSE,
0804_T6_heldown_newtongraphing_constantforce,22,pretest,48,v,FALSE,81.67,Great,3,Great,,v,v,1,FALSE,
0804_T6_heldown_newtongraphing_constantforce,22,pretest,49,v,FALSE,164.39,Great,3,Great,,v,v,1,FALSE,
0804_T6_heldown_newtongraphing_constantforce,22,pretest,50,v,FALSE,117.48,Great,3,Great,,v,v,1,FALSE,
0804_T6_heldown_newtongraphing_constantforce,22,main,1,v,FALSE,183.28,Great,3,Great,,v,v,1,FALSE,
0804_T6_heldown_newtongraphing_constantforce,22,main,2,v,FALSE,116.92,Great,3,Great,,v,v,1,FALSE,
0804_T6_heldown_newtongraphing_constantforce,22,main,3,v,FALSE,129.34,Great,3,Great,,v,v,1,FALSE,
0804_T6_heldown_newtongraphing_constantforce,22,main,4,v,FALSE,136.04,Great,3,Great,,v,v,1,FALSE,
0804_T6_heldown_newtongraphing_constantforce,22,main,5,v,FALSE,114.14,Great,3,Great,,v,v,1,FALSE,
0804_T6_heldown_newtongraphing_constantforce,22,main,6,v,FALSE,84.62,Great,3,Great,,v,v,1,FALSE,
0804_T6_heldown_newtongraphing_constantforce,22,main,7,v,FALSE,180.56,Great,3,Great,,v,v,1,FALSE,
0804_T6_heldown_newtongraphing_constantforce,22,main,8,v,FALSE,116.5,Great,3,Great,,v,v,1,FALSE,
0804_T6_heldown_newtongraphing_constantforce,22,main,9,v,FALSE,114.11,Great,3,Great,,v,v,1,FALSE,
0804_T6_heldown_newtongraphing_constantforce,22,main,10,v,FALSE,148.81,Great,3,Great,,v,v,1,FALSE,
0804_T6_heldown_newtongraphing_constantforce,22,main,11,v,FALSE,163.9,Great,3,Great,,v,v,1,FALSE,
0804_T6_heldown_newtongraphing_constantforce,22,main,12,v,FALSE,215.74,Good,2,Good,,v,v,1,FALSE,
0804_T6_heldown_newtongraphing_constantforce,22,main,13,v,FALSE,162.5,Great,3,Great,,v,v,1,FALSE,
0804_T6_heldown_newtongraphing_constantforce,22,main,14,v,FALSE,117.58,Great,3,Great,,v,v,1,FALSE,
0804_T6_heldown_newtongraphing_constantforce,22,main,15,v,FALSE,99.13,Great,3,Great,,v,v,1,FALSE,
0804_T6_heldown_newtongraphing_constantforce,22,main,16,v,FALSE,99.65,Great,3,Great,,v,v,1,FALSE,
0804_T6_heldown_newtongraphing_constantforce,22,main,17,v,FALSE,148.19,Great,3,Great,,v,v,1,FALSE,
0804_T6_heldown_newtongraphing_constantforce,22,main,18,v,FALSE,83.85,Great,3,Great,,v,v,1,FALSE,
0804_T6_heldown_newtongraphing_constantforce,22,main,19,v,FALSE,133.14,Great,3,Great,,v,v,1,FALSE,
0804_T6_heldown_newtongraphing_constantforce,22,main,20,v,FALSE,116.98,Great,3,Great,,v,v,1,FALSE,
0804_T6_heldown_newtongraphing_constantforce,22,main,21,v,FALSE,116.52,Great,3,Great,,v,v,1,FALSE,
0804_T6_heldown_newtongraphing_constantforce,22,main,22,v,FALSE,114.76,Great,3,Great,,v,v,1,FALSE,
0804_T6_heldown_newtongraphing_constantforce,22,main,23,v,FALSE,133.55,Great,3,Great,,v,v,1,FALSE,
0804_T6_heldown_newtongraphing_constantforce,22,main,24,v,FALSE,133.0,Great,3,Great,,v,v,1,FALSE,
0804_T6_heldown_newtongraphing_constantforce,22,main,25,v,FALSE,66.18,Great,3,Great,,v,v,1,FALSE,
0804_T6_heldown_newtongraphing_constantforce,22,main,26,v,FALSE,135.04,Great,3,Great,,v,v,1,FALSE,
0804_T6_heldown_newtongraphing_constantforce,22,main,27,v,FALSE,115.98,Great,3,Great,,v,v,1,FALSE,
0804_T6_heldown_newtongraphing_constantforce,22,main,28,v,FALSE,149.35,Great,3,Great,,v,v,1,FALSE,
0804_T6_heldown_newtongraphing_constantforce,22,main,29,v,FALSE,114.85,Great,3,Great,,v,v,1,FALSE,
0804_T6_heldown_newtongraphing_constantforce,22,main,30,v,FALSE,133.49,Great,3,Great,,v,v,1,FALSE,
0804_T6_heldown_newtongraphing_constantforce,22,main,31,v,FALSE,116.48,Great,3,Great,,v,v,1,FALSE,
0804_T6_heldown_newtongraphing_constantforce,22,main,32,v,FALSE,150.19,Great,3,Great,,v,v,1,FALSE,
0804_T6_heldown_newtongraphing_constantforce,22,main,33,v,FALSE,163.68,Great,3,Great,,v,v,1,FALSE,
0804_T6_heldown_newtongraphing_constantforce,22,main,34,v,FALSE,98.74,Great,3,Great,,v,v,1,FALSE,
0804_T6_heldown_newtongraphing_constantforce,22,main,35,v,FALSE,546.53,Late,1,Late,,v,v,1,FALSE,
0804_T6_heldown_newtongraphing_constantforce,22,main,36,v,FALSE,147.05,Great,3,Great,,v,v,1,FALSE,
0804_T6_heldown_newtongraphing_constantforce,22,main,37,v,FALSE,163.69,Great,3,Great,,v,v,1,FALSE,
0804_T6_heldown_newtongraphing_constantforce,22,main,38,v,FALSE,144.9,Great,3,Great,,v,v,1,FALSE,
0804_T6_heldown_newtongraphing_constantforce,22,main,39,v,FALSE,164.76,Great,3,Great,,v,v,1,FALSE,
0804_T6_heldown_newtongraphing_constantforce,22,main,40,v,FALSE,116.37,Great,3,Great,,v,v,1,FALSE,
0804_T6_heldown_newtongraphing_constantforce,22,main,41,v,FALSE,134.13,Great,3,Great,,v,v,1,FALSE,
0804_T6_heldown_newtongraphing_constantforce,22,main,42,v,FALSE,133.41,Great,3,Great,,v,v,1,FALSE,
0804_T6_heldown_newtongraphing_constantforce,22,main,43,v,FALSE,147.33,Great,3,Great,,v,v,1,FALSE,
0804_T6_heldown_newtongraphing_constantforce,22,main,44,v,FALSE,181.48,Great,3,Great,,v,v,1,FALSE,
0804_T6_heldown_newtongraphing_constantforce,22,main,45,v,FALSE,165.08,Great,3,Great,,v,v,1,FALSE,
0804_T6_heldown_newtongraphing_constantforce,22,main,46,v,FALSE,165.1,Great,3,Great,,v,v,1,FALSE,
0804_T6_heldown_newtongraphing_constantforce,22,main,47,v,FALSE,148.6,Great,3,Great,,v,v,1,FALSE,
0804_T6_heldown_newtongraphing_constantforce,22,main,48,v,FALSE,64.19,Great,3,Great,,v,v,1,FALSE,
0804_T6_heldown_newtongraphing_constantforce,22,main,49,v,FALSE,510.27,Late,1,Late,,v,v,1,FALSE,
0804_T6_heldown_newtongraphing_constantforce,22,main,50,v,FALSE,135.15,Great,3,Great,,v,v,1,FALSE,
0804_T6_heldown_newtongraphing_constantforce,22,main,51,v,FALSE,100.89,Great,3,Great,,v,v,1,FALSE,
0804_T6_heldown_newtongraphing_constantforce,22,main,52,v,FALSE,100.88,Great,3,Great,,v,v,1,FALSE,
0804_T6_heldown_newtongraphing_constantforce,22,main,53,v,FALSE,463.13,Good,2,Good,,v,v,1,FALSE,
0804_T6_heldown_newtongraphing_constantforce,22,main,54,v,FALSE,98.8,Great,3,Great,,v,v,1,FALSE,
0804_T6_heldown_newtongraphing_constantforce,22,main,55,v,FALSE,130.97,Great,3,Great,,v,v,1,FALSE,
0804_T6_heldown_newtongraphing_constantforce,22,main,56,v,FALSE,132.68,Great,3,Great,,v,v,1,FALSE,
0804_T6_heldown_newtongraphing_constantforce,22,main,57,v,FALSE,144.4,Great,3,Great,,v,v,1,FALSE,
0804_T6_heldown_newtongraphing_constantforce,22,main,58,v,FALSE,164.66,Great,3,Great,,v,v,1,FALSE,
0804_T6_heldown_newtongraphing_constantforce,22,main,59,v,FALSE,315.24,Good,2,Good,,v,v,1,FALSE,
0804_T6_heldown_newtongraphing_constantforce,22,main,60,v,FALSE,181.18,Great,3,Great,,v,v,1,FALSE,
0804_T6_heldown_newtongraphing_constantforce,22,main,61,v,FALSE,150.17,Great,3,Great,,v,v,1,FALSE,
0804_T6_heldown_newtongraphing_constantforce,22,main,62,v,FALSE,133.06,Great,3,Great,,v,v,1,FALSE,
0804_T6_heldown_newtongraphing_constantforce,22,main,63,v,FALSE,182.23,Great,3,Great,,v,v,1,FALSE,
0804_T6_heldown_newtongraphing_constantforce,22,main,64,v,FALSE,180.2,Great,3,Great,,v,v,1,FALSE,
0804_T6_heldown_newtongraphing_constantforce,22,main,65,v,FALSE,166.77,Great,3,Great,,v,v,1,FALSE,
0804_T6_heldown_newtongraphing_constantforce,22,main,66,v,FALSE,148.59,Great,3,Great,,v,v,1,FALSE,
0804_T6_heldown_newtongraphing_constantforce,22,main,67,v,FALSE,136.5,Great,3,Great,,v,v,1,FALSE,
0804_T6_heldown_newtongraphing_constantforce,22,main,68,v,FALSE,133.01,Great,3,Great,,v,v,1,FALSE,
0804_T6_heldown_newtongraphing_constantforce,22,main,69,v,FALSE,131.52,Great,3,Great,,v,v,1,FALSE,
0804_T6_heldown_newtongraphing_constantforce,22,main,70,v,FALSE,148.97,Great,3,Great,,v,v,1,FALSE,
0804_T6_heldown_newtongraphing_constantforce,22,main,71,v,FALSE,113.76,Great,3,Great,,v,v,1,FALSE,
0804_T6_heldown_newtongraphing_constantforce,22,main,72,v,FALSE,493.83,Good,2,Good,,v,v,1,FALSE,
0804_T6_heldown_newtongraphing_constantforce,22,main,73,v,FALSE,147.61,Great,3,Great,,v,v,1,FALSE,
0804_T6_heldown_newtongraphing_constantforce,22,main,74,v,FALSE,135.0,Great,3,Great,,v,v,1,FALSE,
0804_T6_heldown_newtongraphing_constantforce,22,main,75,v,FALSE,67.37,Great,3,Great,,v,v,1,FALSE,
0804_T6_heldown_newtongraphing_constantforce,22,main,76,v,FALSE,196.35,Great,3,Great,,v,v,1,FALSE,
0804_T6_heldown_newtongraphing_constantforce,22,main,77,v,FALSE,133.48,Great,3,Great,,v,v,1,FALSE,
0804_T6_heldown_newtongraphing_constantforce,22,main,78,v,FALSE,166.1,Great,3,Great,,v,v,1,FALSE,
0804_T6_heldown_newtongraphing_constantforce,22,main,79,v,FALSE,145.98,Great,3,Great,,v,v,1,FALSE,
0804_T6_heldown_newtongraphing_constantforce,22,main,80,v,FALSE,167.55,Great,3,Great,,v,v,1,FALSE,
0804_T6_heldown_newtongraphing_constantforce,22,main,81,v,FALSE,129.16,Great,3,Great,,v,v,1,FALSE,
0804_T6_heldown_newtongraphing_constantforce,22,main,82,v,FALSE,98.97,Great,3,Great,,v,v,1,FALSE,
0804_T6_heldown_newtongraphing_constantforce,22,main,83,v,FALSE,131.79,Great,3,Great,,v,v,1,FALSE,
0804_T6_heldown_newtongraphing_constantforce,22,main,84,v,FALSE,146.01,Great,3,Great,,v,v,1,FALSE,
0804_T6_heldown_newtongraphing_constantforce,22,main,85,v,FALSE,116.08,Great,3,Great,,v,v,1,FALSE,
0804_T6_heldown_newtongraphing_constantforce,22,main,86,v,FALSE,152.82,Great,3,Great,,v,v,1,FALSE,
0804_T6_heldown_newtongraphing_constantforce,22,main,87,v,FALSE,149.84,Great,3,Great,,v,v,1,FALSE,
0804_T6_heldown_newtongraphing_constantforce,22,main,88,v,FALSE,164.04,Great,3,Great,,v,v,1,FALSE,
0804_T6_heldown_newtongraphing_constantforce,22,main,89,v,FALSE,146.24,Great,3,Great,,v,v,1,FALSE,
0804_T6_heldown_newtongraphing_constantforce,22,main,90,v,FALSE,99.7,Great,3,Great,,v,v,1,FALSE,
0804_T6_heldown_newtongraphing_constantforce,22,main,91,v,FALSE,99.58,Great,3,Great,,v,v,1,FALSE,
0804_T6_heldown_newtongraphing_constantforce,22,main,92,v,FALSE,414.81,Good,2,Good,,v,v,1,FALSE,
0804_T6_heldown_newtongraphing_constantforce,22,main,93,v,FALSE,49.21,Great,3,Great,,v,v,1,FALSE,
0804_T6_heldown_newtongraphing_constantforce,22,main,94,v,FALSE,97.58,Great,3,Great,,v,v,1,FALSE,
0804_T6_heldown_newtongraphing_constantforce,22,main,95,v,FALSE,100.76,Great,3,Great,,v,v,1,FALSE,
0804_T6_heldown_newtongraphing_constantforce,22,main,96,v,FALSE,100.38,Great,3,Great,,v,v,1,FALSE,
0804_T6_heldown_newtongraphing_constantforce,22,main,97,v,FALSE,149.32,Great,3,Great,,v,v,1,FALSE,
0804_T6_heldown_newtongraphing_constantforce,22,main,98,v,FALSE,116.1,Great,3,Great,,v,v,1,FALSE,
0804_T6_heldown_newtongraphing_constantforce,22,main,99,v,FALSE,164.08,Great,3,Great,,v,v,1,FALSE,
0804_T6_heldown_newtongraphing_constantforce,22,main,100,v,FALSE,80.81,Great,3,Great,,v,v,1,FALSE,
0804_T6_heldown_newtongraphing_constantforce,22,main,101,v,FALSE,144.84,Great,3,Great,,v,v,1,FALSE,
0804_T6_heldown_newtongraphing_constantforce,22,main,102,v,FALSE,150.5,Great,3,Great,,v,v,1,FALSE,
0804_T6_heldown_newtongraphing_constantforce,22,main,103,v,FALSE,165.5,Great,3,Great,,v,v,1,FALSE,
0804_T6_heldown_newtongraphing_constantforce,22,main,104,v,FALSE,133.53,Great,3,Great,,v,v,1,FALSE,
0804_T6_heldown_newtongraphing_constantforce,22,main,105,v,FALSE,134.66,Great,3,Great,,v,v,1,FALSE,
0804_T6_heldown_newtongraphing_constantforce,22,main,106,v,FALSE,133.48,Great,3,Great,,v,v,1,FALSE,
0804_T6_heldown_newtongraphing_constantforce,22,main,107,v,FALSE,100.95,Great,3,Great,,v,v,1,FALSE,
0804_T6_heldown_newtongraphing_constantforce,22,main,108,v,FALSE,114.86,Great,3,Great,,v,v,1,FALSE,
0804_T6_heldown_newtongraphing_constantforce,22,main,109,v,FALSE,118.36,Great,3,Great,,v,v,1,FALSE,
0804_T6_heldown_newtongraphing_constantforce,22,main,110,v,FALSE,115.82,Great,3,Great,,v,v,1,FALSE,
0804_T6_heldown_newtongraphing_constantforce,22,main,111,v,FALSE,114.38,Great,3,Great,,v,v,1,FALSE,
0804_T6_heldown_newtongraphing_constantforce,22,main,112,v,FALSE,130.59,Great,3,Great,,v,v,1,FALSE,
0804_T6_heldown_newtongraphing_constantforce,22,main,113,v,FALSE,148.13,Great,3,Great,,v,v,1,FALSE,
0804_T6_heldown_newtongraphing_constantforce,22,main,114,v,FALSE,131.28,Great,3,Great,,v,v,1,FALSE,
0804_T6_heldown_newtongraphing_constantforce,22,main,115,v,FALSE,168.81,Great,3,Great,,v,v,1,FALSE,
0804_T6_heldown_newtongraphing_constantforce,22,main,116,v,FALSE,131.58,Great,3,Great,,v,v,1,FALSE,
0804_T6_heldown_newtongraphing_constantforce,22,main,117,v,FALSE,151.65,Great,3,Great,,v,v,1,FALSE,
0804_T6_heldown_newtongraphing_constantforce,22,main,118,v,FALSE,132.12,Great,3,Great,,v,v,1,FALSE,
0804_T6_heldown_newtongraphing_constantforce,22,main,119,v,FALSE,146.13,Great,3,Great,,v,v,1,FALSE,
0804_T6_heldown_newtongraphing_constantforce,22,main,120,v,FALSE,148.1,Great,3,Great,,v,v,1,FALSE,
0804_T6_heldown_newtongraphing_constantforce,22,main,121,v,FALSE,99.4,Great,3,Great,,v,v,1,FALSE,
0804_T6_heldown_newtongraphing_constantforce,22,main,122,v,FALSE,150.67,Great,3,Great,,v,v,1,FALSE,
0804_T6_heldown_newtongraphing_constantforce,22,main,123,v,FALSE,115.04,Great,3,Great,,v,v,1,FALSE,
0804_T6_heldown_newtongraphing_constantforce,22,main,124,v,FALSE,114.57,Great,3,Great,,v,v,1,FALSE,
0804_T6_heldown_newtongraphing_constantforce,22,main,125,v,FALSE,113.58,Great,3,Great,,v,v,1,FALSE,
0804_T6_heldown_newtongraphing_constantforce,22,main,126,v,FALSE,131.46,Great,3,Great,,v,v,1,FALSE,
0804_T6_heldown_newtongraphing_constantforce,22,main,127,v,FALSE,133.45,Great,3,Great,,v,v,1,FALSE,
0804_T6_heldown_newtongraphing_constantforce,22,main,128,v,FALSE,97.03,Great,3,Great,,v,v,1,FALSE,
0804_T6_heldown_newtongraphing_constantforce,22,main,129,v,FALSE,149.26,Great,3,Great,,v,v,1,FALSE,
0804_T6_heldown_newtongraphing_constantforce,22,main,130,v,FALSE,129.97,Great,3,Great,,v,v,1,FALSE,
0804_T6_heldown_newtongraphing_constantforce,22,main,131,v,FALSE,131.89,Great,3,Great,,v,v,1,FALSE,
0804_T6_heldown_newtongraphing_constantforce,22,main,132,v,FALSE,132.73,Great,3,Great,,v,v,1,FALSE,
0804_T6_heldown_newtongraphing_constantforce,22,main,133,v,FALSE,130.55,Great,3,Great,,v,v,1,FALSE,
0804_T6_heldown_newtongraphing_constantforce,22,main,134,v,FALSE,147.19,Great,3,Great,,v,v,1,FALSE,
0804_T6_heldown_newtongraphing_constantforce,22,main,135,v,FALSE,130.25,Great,3,Great,,v,v,1,FALSE,
0804_T6_heldown_newtongraphing_constantforce,22,main,136,v,FALSE,97.39,Great,3,Great,,v,v,1,FALSE,
0804_T6_heldown_newtongraphing_constantforce,22,main,137,v,FALSE,103.09,Great,3,Great,,v,v,1,FALSE,
0804_T6_heldown_newtongraphing_constantforce,22,main,138,v,FALSE,132.77,Great,3,Great,,v,v,1,FALSE,
0804_T6_heldown_newtongraphing_constantforce,22,main,139,v,FALSE,128.5,Great,3,Great,,v,v,1,FALSE,
0804_T6_heldown_newtongraphing_constantforce,22,main,140,v,FALSE,99.1,Great,3,Great,,v,v,1,FALSE,
0804_T6_heldown_newtongraphing_constantforce,22,main,141,v,FALSE,148.72,Great,3,Great,,v,v,1,FALSE,
0804_T6_heldown_newtongraphing_constantforce,22,main,142,v,FALSE,82.8,Great,3,Great,,v,v,1,FALSE,
0804_T6_heldown_newtongraphing_constantforce,22,main,143,v,FALSE,114.33,Great,3,Great,,v,v,1,FALSE,
0804_T6_heldown_newtongraphing_constantforce,22,main,144,v,FALSE,133.01,Great,3,Great,,v,v,1,FALSE,
0804_T6_heldown_newtongraphing_constantforce,22,main,145,v,FALSE,65.78,Great,3,Great,,v,v,1,FALSE,
0804_T6_heldown_newtongraphing_constantforce,22,main,146,v,FALSE,165.52,Great,3,Great,,v,v,1,FALSE,
0804_T6_heldown_newtongraphing_constantforce,22,main,147,v,FALSE,65.87,Great,3,Great,,v,v,1,FALSE,
0804_T6_heldown_newtongraphing_constantforce,22,main,148,v,FALSE,100.25,Great,3,Great,,v,v,1,FALSE,
0804_T6_heldown_newtongraphing_constantforce,22,main,149,v,FALSE,116.26,Great,3,Great,,v,v,1,FALSE,
0804_T6_heldown_newtongraphing_constantforce,22,main,150,v,FALSE,82.43,Great,3,Great,,v,v,1,FALSE,
0804_T6_heldown_newtongraphing_constantforce,22,main,151,v,FALSE,116.58,Great,3,Great,,v,v,1,FALSE,
0804_T6_heldown_newtongraphing_constantforce,22,main,152,v,FALSE,148.2,Great,3,Great,,v,v,1,FALSE,
0804_T6_heldown_newtongraphing_constantforce,22,main,153,v,FALSE,114.07,Great,3,Great,,v,v,1,FALSE,
0804_T6_heldown_newtongraphing_constantforce,22,main,154,v,FALSE,132.75,Great,3,Great,,v,v,1,FALSE,
0804_T6_heldown_newtongraphing_constantforce,22,main,155,v,FALSE,48.7,Great,3,Great,,v,v,1,FALSE,
0804_T6_heldown_newtongraphing_constantforce,22,main,156,v,FALSE,113.36,Great,3,Great,,v,v,1,FALSE,
0804_T6_heldown_newtongraphing_constantforce,22,main,157,v,FALSE,50.51,Great,3,Great,,v,v,1,FALSE,
0804_T6_heldown_newtongraphing_constantforce,22,main,158,v,FALSE,101.46,Great,3,Great,,v,v,1,FALSE,
0804_T6_heldown_newtongraphing_constantforce,22,main,159,v,FALSE,128.44,Great,3,Great,,v,v,1,FALSE,
0804_T6_heldown_newtongraphing_constantforce,22,main,160,v,FALSE,133.87,Great,3,Great,,v,v,1,FALSE,
0804_T6_heldown_newtongraphing_constantforce,22,main,161,v,FALSE,132.95,Great,3,Great,,v,v,1,FALSE,
0804_T6_heldown_newtongraphing_constantforce,22,main,162,v,FALSE,131.45,Great,3,Great,,v,v,1,FALSE,
0804_T6_heldown_newtongraphing_constantforce,22,main,163,v,FALSE,116.09,Great,3,Great,,v,v,1,FALSE,
0804_T6_heldown_newtongraphing_constantforce,22,main,164,v,FALSE,132.48,Great,3,Great,,v,v,1,FALSE,
0804_T6_heldown_newtongraphing_constantforce,22,main,165,v,FALSE,98.09,Great,3,Great,,v,v,1,FALSE,
0804_T6_heldown_newtongraphing_constantforce,22,main,166,v,FALSE,99.75,Great,3,Great,,v,v,1,FALSE,
0804_T6_heldown_newtongraphing_constantforce,22,main,167,v,FALSE,83.26,Great,3,Great,,v,v,1,FALSE,
0804_T6_heldown_newtongraphing_constantforce,22,main,168,v,FALSE,116.87,Great,3,Great,,v,v,1,FALSE,
0804_T6_heldown_newtongraphing_constantforce,22,main,169,v,FALSE,116.74,Great,3,Great,,v,v,1,FALSE,
0804_T6_heldown_newtongraphing_constantforce,22,main,170,v,FALSE,96.99,Great,3,Great,,v,v,1,FALSE,
0804_T6_heldown_newtongraphing_constantforce,22,main,171,v,FALSE,135.53,Great,3,Great,,v,v,1,FALSE,
0804_T6_heldown_newtongraphing_constantforce,22,main,172,v,FALSE,133.46,Great,3,Great,,v,v,1,FALSE,
0804_T6_heldown_newtongraphing_constantforce,22,main,173,v,FALSE,129.02,Great,3,Great,,v,v,1,FALSE,
0804_T6_heldown_newtongraphing_constantforce,22,main,174,v,FALSE,115.3,Great,3,Great,,v,v,1,FALSE,
0804_T6_heldown_newtongraphing_constantforce,22,main,175,v,FALSE,99.99,Great,3,Great,,v,v,1,FALSE,
0804_T6_heldown_newtongraphing_constantforce,22,main,176,v,FALSE,131.97,Great,3,Great,,v,v,1,FALSE,
0804_T6_heldown_newtongraphing_constantforce,22,main,177,v,FALSE,97.57,Great,3,Great,,v,v,1,FALSE,
0804_T6_heldown_newtongraphing_constantforce,22,main,178,v,FALSE,116.86,Great,3,Great,,v,v,1,FALSE,
0804_T6_heldown_newtongraphing_constantforce,22,main,179,v,FALSE,131.76,Great,3,Great,,v,v,1,FALSE,
0804_T6_heldown_newtongraphing_constantforce,22,main,180,v,FALSE,100.08,Great,3,Great,,v,v,1,FALSE,
0804_T6_heldown_newtongraphing_constantforce,22,main,181,v,FALSE,150.19,Great,3,Great,,v,v,1,FALSE,
0804_T6_heldown_newtongraphing_constantforce,22,main,182,v,FALSE,131.03,Great,3,Great,,v,v,1,FALSE,
0804_T6_heldown_newtongraphing_constantforce,22,main,183,v,FALSE,113.69,Great,3,Great,,v,v,1,FALSE,
0804_T6_heldown_newtongraphing_constantforce,22,main,184,v,FALSE,82.18,Great,3,Great,,v,v,1,FALSE,
0804_T6_heldown_newtongraphing_constantforce,22,main,185,v,FALSE,178.63,Great,3,Great,,v,v,1,FALSE,
0804_T6_heldown_newtongraphing_constantforce,22,main,186,v,FALSE,113.25,Great,3,Great,,v,v,1,FALSE,
0804_T6_heldown_newtongraphing_constantforce,22,main,187,v,FALSE,149.74,Great,3,Great,,v,v,1,FALSE,
0804_T6_heldown_newtongraphing_constantforce,22,main,188,v,FALSE,151.57,Great,3,Great,,v,v,1,FALSE,
0804_T6_heldown_newtongraphing_constantforce,22,main,189,v,FALSE,97.54,Great,3,Great,,v,v,1,FALSE,
0804_T6_heldown_newtongraphing_constantforce,22,main,190,v,FALSE,114.65,Great,3,Great,,v,v,1,FALSE,
0804_T6_heldown_newtongraphing_constantforce,22,main,191,v,FALSE,149.85,Great,3,Great,,v,v,1,FALSE,
0804_T6_heldown_newtongraphing_constantforce,22,main,192,v,FALSE,96.72,Great,3,Great,,v,v,1,FALSE,
0804_T6_heldown_newtongraphing_constantforce,22,main,193,v,FALSE,148.23,Great,3,Great,,v,v,1,FALSE,
0804_T6_heldown_newtongraphing_constantforce,22,main,194,v,FALSE,101.05,Great,3,Great,,v,v,1,FALSE,
0804_T6_heldown_newtongraphing_constantforce,22,main,195,v,FALSE,82.09,Great,3,Great,,v,v,1,FALSE,
0804_T6_heldown_newtongraphing_constantforce,22,main,196,v,FALSE,112.53,Great,3,Great,,v,v,1,FALSE,
0804_T6_heldown_newtongraphing_constantforce,22,main,197,v,FALSE,115.09,Great,3,Great,,v,v,1,FALSE,
0804_T6_heldown_newtongraphing_constantforce,22,main,198,v,FALSE,116.71,Great,3,Great,,v,v,1,FALSE,
0804_T6_heldown_newtongraphing_constantforce,22,main,199,v,FALSE,114.74,Great,3,Great,,v,v,1,FALSE,
0804_T6_heldown_newtongraphing_constantforce,22,main,200,v,FALSE,114.95,Great,3,Great,,v,v,1,FALSE,
0804_T6_heldown_newtongraphing_constantforce,22,main,201,v,FALSE,414.89,Good,2,Good,,v,v,1,FALSE,
0804_T6_heldown_newtongraphing_constantforce,22,main,202,v,FALSE,100.42,Great,3,Great,,v,v,1,FALSE,
0804_T6_heldown_newtongraphing_constantforce,22,main,203,v,FALSE,64.82,Great,3,Great,,v,v,1,FALSE,
0804_T6_heldown_newtongraphing_constantforce,22,main,204,v,FALSE,148.02,Great,3,Great,,v,v,1,FALSE,
0804_T6_heldown_newtongraphing_constantforce,22,main,205,v,FALSE,136.04,Great,3,Great,,v,v,1,FALSE,
0804_T6_heldown_newtongraphing_constantforce,22,main,206,v,FALSE,98.39,Great,3,Great,,v,v,1,FALSE,
0804_T6_heldown_newtongraphing_constantforce,22,main,207,v,FALSE,99.47,Great,3,Great,,v,v,1,FALSE,
0804_T6_heldown_newtongraphing_constantforce,22,main,208,v,FALSE,148.1,Great,3,Great,,v,v,1,FALSE,
0804_T6_heldown_newtongraphing_constantforce,22,main,209,v,FALSE,134.51,Great,3,Great,,v,v,1,FALSE,
0804_T6_heldown_newtongraphing_constantforce,22,main,210,v,FALSE,132.7,Great,3,Great,,v,v,1,FALSE,
0804_T6_heldown_newtongraphing_constantforce,22,main,211,v,FALSE,114.96,Great,3,Great,,v,v,1,FALSE,
0804_T6_heldown_newtongraphing_constantforce,22,main,212,v,FALSE,215.82,Good,2,Good,,v,v,1,FALSE,
0804_T6_heldown_newtongraphing_constantforce,22,main,213,v,FALSE,115.93,Great,3,Great,,v,v,1,FALSE,
0804_T6_heldown_newtongraphing_constantforce,22,main,214,v,FALSE,167.36,Great,3,Great,,v,v,1,FALSE,
0804_T6_heldown_newtongraphing_constantforce,22,main,215,v,FALSE,166.2,Great,3,Great,,v,v,1,FALSE,
0804_T6_heldown_newtongraphing_constantforce,22,main,216,v,FALSE,478.72,Good,2,Good,,v,v,1,FALSE,
0804_T6_heldown_newtongraphing_constantforce,22,main,217,v,FALSE,180.18,Great,3,Great,,v,v,1,FALSE,
0804_T6_heldown_newtongraphing_constantforce,22,main,218,v,FALSE,147.36,Great,3,Great,,v,v,1,FALSE,
0804_T6_heldown_newtongraphing_constantforce,22,main,219,v,FALSE,133.12,Great,3,Great,,v,v,1,FALSE,
0804_T6_heldown_newtongraphing_constantforce,22,main,220,v,FALSE,113.47,Great,3,Great,,v,v,1,FALSE,
0804_T6_heldown_newtongraphing_constantforce,22,main,221,v,FALSE,198.24,Great,3,Great,,v,v,1,FALSE,
0804_T6_heldown_newtongraphing_constantforce,22,main,222,v,FALSE,163.86,Great,3,Great,,v,v,1,FALSE,
0804_T6_heldown_newtongraphing_constantforce,22,main,223,v,FALSE,147.2,Great,3,Great,,v,v,1,FALSE,
0804_T6_heldown_newtongraphing_constantforce,22,main,224,v,FALSE,115.88,Great,3,Great,,v,v,1,FALSE,
0804_T6_heldown_newtongraphing_constantforce,22,main,225,v,FALSE,149.26,Great,3,Great,,v,v,1,FALSE,
0804_T6_heldown_newtongraphing_constantforce,22,main,226,v,FALSE,130.61,Great,3,Great,,v,v,1,FALSE,
0804_T6_heldown_newtongraphing_constantforce,22,main,227,v,FALSE,180.9,Great,3,Great,,v,v,1,FALSE,
0804_T6_heldown_newtongraphing_constantforce,22,main,228,v,FALSE,164.56,Great,3,Great,,v,v,1,FALSE,
0804_T6_heldown_newtongraphing_constantforce,22,main,229,v,FALSE,163.87,Great,3,Great,,v,v,1,FALSE,
0804_T6_heldown_newtongraphing_constantforce,22,main,230,v,FALSE,149.22,Great,3,Great,,v,v,1,FALSE,
0804_T6_heldown_newtongraphing_constantforce,22,main,231,v,FALSE,146.5,Great,3,Great,,v,v,1,FALSE,
0804_T6_heldown_newtongraphing_constantforce,22,main,232,v,FALSE,129.2,Great,3,Great,,v,v,1,FALSE,
0804_T6_heldown_newtongraphing_constantforce,22,main,233,v,FALSE,135.49,Great,3,Great,,v,v,1,FALSE,
0804_T6_heldown_newtongraphing_constantforce,22,main,234,v,FALSE,113.23,Great,3,Great,,v,v,1,FALSE,
0804_T6_heldown_newtongraphing_constantforce,22,main,235,v,FALSE,116.24,Great,3,Great,,v,v,1,FALSE,
0804_T6_heldown_newtongraphing_constantforce,22,main,236,v,FALSE,167.9,Great,3,Great,,v,v,1,FALSE,
0804_T6_heldown_newtongraphing_constantforce,22,main,237,v,FALSE,166.22,Great,3,Great,,v,v,1,FALSE,
0804_T6_heldown_newtongraphing_constantforce,22,main,238,v,FALSE,165.33,Great,3,Great,,v,v,1,FALSE,
0804_T6_heldown_newtongraphing_constantforce,22,main,239,v,FALSE,147.11,Great,3,Great,,v,v,1,FALSE,
0804_T6_heldown_newtongraphing_constantforce,22,main,240,v,FALSE,114.15,Great,3,Great,,v,v,1,FALSE,
0804_T6_heldown_newtongraphing_constantforce,22,main,241,v,FALSE,117.13,Great,3,Great,,v,v,1,FALSE,
0804_T6_heldown_newtongraphing_constantforce,22,main,242,v,FALSE,130.16,Great,3,Great,,v,v,1,FALSE,
0804_T6_heldown_newtongraphing_constantforce,22,main,243,v,FALSE,100.58,Great,3,Great,,v,v,1,FALSE,
0804_T6_heldown_newtongraphing_constantforce,22,main,244,v,FALSE,150.4,Great,3,Great,,v,v,1,FALSE,
0804_T6_heldown_newtongraphing_constantforce,22,main,245,v,FALSE,97.16,Great,3,Great,,v,v,1,FALSE,
0804_T6_heldown_newtongraphing_constantforce,22,main,246,v,FALSE,131.85,Great,3,Great,,v,v,1,FALSE,
0804_T6_heldown_newtongraphing_constantforce,22,main,247,v,FALSE,115.24,Great,3,Great,,v,v,1,FALSE,
0804_T6_heldown_newtongraphing_constantforce,22,main,248,v,FALSE,131.63,Great,3,Great,,v,v,1,FALSE,
0804_T6_heldown_newtongraphing_constantforce,22,main,249,v,FALSE,81.93,Great,3,Great,,v,v,1,FALSE,
0804_T6_heldown_newtongraphing_constantforce,22,main,250,v,FALSE,132.39,Great,3,Great,,v,v,1,FALSE,
0804_T6_heldown_newtongraphing_constantforce,22,main,251,v,FALSE,146.78,Great,3,Great,,v,v,1,FALSE,
0804_T6_heldown_newtongraphing_constantforce,22,main,252,v,FALSE,99.9,Great,3,Great,,v,v,1,FALSE,
0804_T6_heldown_newtongraphing_constantforce,22,main,253,v,FALSE,130.68,Great,3,Great,,v,v,1,FALSE,
0804_T6_heldown_newtongraphing_constantforce,22,main,254,v,FALSE,132.38,Great,3,Great,,v,v,1,FALSE,
0804_T6_heldown_newtongraphing_constantforce,22,main,255,v,FALSE,149.25,Great,3,Great,,v,v,1,FALSE,
0804_T6_heldown_newtongraphing_constantforce,22,main,256,v,FALSE,148.34,Great,3,Great,,v,v,1,FALSE,
0804_T6_heldown_newtongraphing_constantforce,22,main,257,v,FALSE,130.4,Great,3,Great,,v,v,1,FALSE,
0804_T6_heldown_newtongraphing_constantforce,22,main,258,v,FALSE,132.6,Great,3,Great,,v,v,1,FALSE,
0804_T6_heldown_newtongraphing_constantforce,22,main,259,v,FALSE,128.97,Great,3,Great,,v,v,1,FALSE,
0804_T6_heldown_newtongraphing_constantforce,22,main,260,v,FALSE,556.88,Late,1,Late,,v,v,1,FALSE,
0804_T6_heldown_newtongraphing_constantforce,22,main,261,v,FALSE,133.18,Great,3,Great,,v,v,1,FALSE,
0804_T6_heldown_newtongraphing_constantforce,22,main,262,v,FALSE,98.73,Great,3,Great,,v,v,1,FALSE,
0804_T6_heldown_newtongraphing_constantforce,22,main,263,v,FALSE,83.93,Great,3,Great,,v,v,1,FALSE,
0804_T6_heldown_newtongraphing_constantforce,22,main,264,v,FALSE,113.77,Great,3,Great,,v,v,1,FALSE,
0804_T6_heldown_newtongraphing_constantforce,22,main,265,v,FALSE,97.29,Great,3,Great,,v,v,1,FALSE,
0804_T6_heldown_newtongraphing_constantforce,22,main,266,v,FALSE,144.79,Great,3,Great,,v,v,1,FALSE,
0804_T6_heldown_newtongraphing_constantforce,22,main,267,v,FALSE,130.56,Great,3,Great,,v,v,1,FALSE,
0804_T6_heldown_newtongraphing_constantforce,22,main,268,v,FALSE,197.8,Great,3,Great,,v,v,1,FALSE,
0804_T6_heldown_newtongraphing_constantforce,22,main,269,v,FALSE,165.06,Great,3,Great,,v,v,1,FALSE,
0804_T6_heldown_newtongraphing_constantforce,22,main,270,v,FALSE,150.03,Great,3,Great,,v,v,1,FALSE,
0804_T6_heldown_newtongraphing_constantforce,22,main,271,v,FALSE,135.33,Great,3,Great,,v,v,1,FALSE,
0804_T6_heldown_newtongraphing_constantforce,22,main,272,v,FALSE,114.83,Great,3,Great,,v,v,1,FALSE,
0804_T6_heldown_newtongraphing_constantforce,22,main,273,v,FALSE,182.07,Great,3,Great,,v,v,1,FALSE,
0804_T6_heldown_newtongraphing_constantforce,22,main,274,v,FALSE,148.36,Great,3,Great,,v,v,1,FALSE,
0804_T6_heldown_newtongraphing_constantforce,22,main,275,v,FALSE,148.6,Great,3,Great,,v,v,1,FALSE,
0804_T6_heldown_newtongraphing_constantforce,22,main,276,v,FALSE,514.56,Late,1,Late,,v,v,1,FALSE,
0804_T6_heldown_newtongraphing_constantforce,22,main,277,v,FALSE,98.51,Great,3,Great,,v,v,1,FALSE,
0804_T6_heldown_newtongraphing_constantforce,22,main,278,v,FALSE,127.79,Great,3,Great,,v,v,1,FALSE,
0804_T6_heldown_newtongraphing_constantforce,22,main,279,v,FALSE,133.14,Great,3,Great,,v,v,1,FALSE,
0804_T6_heldown_newtongraphing_constantforce,22,main,280,v,FALSE,146.75,Great,3,Great,,v,v,1,FALSE,
0804_T6_heldown_newtongraphing_constantforce,22,main,281,v,FALSE,148.13,Great,3,Great,,v,v,1,FALSE,
0804_T6_heldown_newtongraphing_constantforce,22,main,282,v,FALSE,165.69,Great,3,Great,,v,v,1,FALSE,
0804_T6_heldown_newtongraphing_constantforce,22,main,283,v,FALSE,135.02,Great,3,Great,,v,v,1,FALSE,
0804_T6_heldown_newtongraphing_constantforce,22,main,284,v,FALSE,132.04,Great,3,Great,,v,v,1,FALSE,
0804_T6_heldown_newtongraphing_constantforce,22,main,285,v,FALSE,150.07,Great,3,Great,,v,v,1,FALSE,
0804_T6_heldown_newtongraphing_constantforce,22,main,286,v,FALSE,132.16,Great,3,Great,,v,v,1,FALSE,
0804_T6_heldown_newtongraphing_constantforce,22,main,287,v,FALSE,152.88,Great,3,Great,,v,v,1,FALSE,
0804_T6_heldown_newtongraphing_constantforce,22,main,288,v,FALSE,115.17,Great,3,Great,,v,v,1,FALSE,
0804_T6_heldown_newtongraphing_constantforce,22,main,289,v,FALSE,130.47,Great,3,Great,,v,v,1,FALSE,
0804_T6_heldown_newtongraphing_constantforce,22,main,290,v,FALSE,116.77,Great,3,Great,,v,v,1,FALSE,
0804_T6_heldown_newtongraphing_constantforce,22,main,291,v,FALSE,132.3,Great,3,Great,,v,v,1,FALSE,
0804_T6_heldown_newtongraphing_constantforce,22,main,292,v,FALSE,99.26,Great,3,Great,,v,v,1,FALSE,
0804_T6_heldown_newtongraphing_constantforce,22,main,293,v,FALSE,144.49,Great,3,Great,,v,v,1,FALSE,
0804_T6_heldown_newtongraphing_constantforce,22,main,294,v,FALSE,98.18,Great,3,Great,,v,v,1,FALSE,
0804_T6_heldown_newtongraphing_constantforce,22,main,295,v,FALSE,99.83,Great,3,Great,,v,v,1,FALSE,
0804_T6_heldown_newtongraphing_constantforce,22,main,296,v,FALSE,130.14,Great,3,Great,,v,v,1,FALSE,
0804_T6_heldown_newtongraphing_constantforce,22,main,297,v,FALSE,148.58,Great,3,Great,,v,v,1,FALSE,
0804_T6_heldown_newtongraphing_constantforce,22,main,298,v,FALSE,114.82,Great,3,Great,,v,v,1,FALSE,
0804_T6_heldown_newtongraphing_constantforce,22,main,299,v,FALSE,133.06,Great,3,Great,,v,v,1,FALSE,
0804_T6_heldown_newtongraphing_constantforce,22,main,300,v,FALSE,130.02,Great,3,Great,,v,v,1,FALSE,
0804_T6_heldown_newtongraphing_constantforce,22,main,301,v,FALSE,115.13,Great,3,Great,,v,v,1,FALSE,
0804_T6_heldown_newtongraphing_constantforce,22,main,302,v,FALSE,147.75,Great,3,Great,,v,v,1,FALSE,
0804_T6_heldown_newtongraphing_constantforce,22,main,303,v,FALSE,117.15,Great,3,Great,,v,v,1,FALSE,
0804_T6_heldown_newtongraphing_constantforce,22,main,304,v,FALSE,130.99,Great,3,Great,,v,v,1,FALSE,
0804_T6_heldown_newtongraphing_constantforce,22,main,305,v,FALSE,98.31,Great,3,Great,,v,v,1,FALSE,
0804_T6_heldown_newtongraphing_constantforce,22,main,306,v,FALSE,113.49,Great,3,Great,,v,v,1,FALSE,
0804_T6_heldown_newtongraphing_constantforce,22,main,307,v,FALSE,83.89,Great,3,Great,,v,v,1,FALSE,
0804_T6_heldown_newtongraphing_constantforce,22,main,308,v,FALSE,116.97,Great,3,Great,,v,v,1,FALSE,
0804_T6_heldown_newtongraphing_constantforce,22,main,309,v,FALSE,117.01,Great,3,Great,,v,v,1,FALSE,
0804_T6_heldown_newtongraphing_constantforce,22,main,310,v,FALSE,132.85,Great,3,Great,,v,v,1,FALSE,
0804_T6_heldown_newtongraphing_constantforce,22,main,311,v,FALSE,145.01,Great,3,Great,,v,v,1,FALSE,
0804_T6_heldown_newtongraphing_constantforce,22,main,312,v,FALSE,65.76,Great,3,Great,,v,v,1,FALSE,
0804_T6_heldown_newtongraphing_constantforce,22,main,313,v,FALSE,149.66,Great,3,Great,,v,v,1,FALSE,
0804_T6_heldown_newtongraphing_constantforce,22,main,314,v,FALSE,148.78,Great,3,Great,,v,v,1,FALSE,
0804_T6_heldown_newtongraphing_constantforce,22,main,315,v,FALSE,116.67,Great,3,Great,,v,v,1,FALSE,
0804_T6_heldown_newtongraphing_constantforce,22,main,316,v,FALSE,101.02,Great,3,Great,,v,v,1,FALSE,
0804_T6_heldown_newtongraphing_constantforce,22,main,317,v,FALSE,83.42,Great,3,Great,,v,v,1,FALSE,
0804_T6_heldown_newtongraphing_constantforce,22,main,318,v,FALSE,150.26,Great,3,Great,,v,v,1,FALSE,
0804_T6_heldown_newtongraphing_constantforce,22,main,319,v,FALSE,166.07,Great,3,Great,,v,v,1,FALSE,
0804_T6_heldown_newtongraphing_constantforce,22,main,320,v,FALSE,163.67,Great,3,Great,,v,v,1,FALSE,
0804_T6_heldown_newtongraphing_constantforce,22,main,321,v,FALSE,67.6,Great,3,Great,,v,v,1,FALSE,
0804_T6_heldown_newtongraphing_constantforce,22,main,322,v,FALSE,115.45,Great,3,Great,,v,v,1,FALSE,
0804_T6_heldown_newtongraphing_constantforce,22,main,323,v,FALSE,98.73,Great,3,Great,,v,v,1,FALSE,
0804_T6_heldown_newtongraphing_constantforce,22,main,324,v,FALSE,147.83,Great,3,Great,,v,v,1,FALSE,
0804_T6_heldown_newtongraphing_constantforce,22,main,325,v,FALSE,182.98,Great,3,Great,,v,v,1,FALSE,
0804_T6_heldown_newtongraphing_constantforce,22,main,326,v,FALSE,114.42,Great,3,Great,,v,v,1,FALSE,
0804_T6_heldown_newtongraphing_constantforce,22,main,327,v,FALSE,130.79,Great,3,Great,,v,v,1,FALSE,
0804_T6_heldown_newtongraphing_constantforce,22,main,328,v,FALSE,98.59,Great,3,Great,,v,v,1,FALSE,
0804_T6_heldown_newtongraphing_constantforce,22,main,329,v,FALSE,98.17,Great,3,Great,,v,v,1,FALSE,
0804_T6_heldown_newtongraphing_constantforce,22,main,330,v,FALSE,129.0,Great,3,Great,,v,v,1,FALSE,
0804_T6_heldown_newtongraphing_constantforce,22,main,331,v,FALSE,115.97,Great,3,Great,,v,v,1,FALSE,
0804_T6_heldown_newtongraphing_constantforce,22,main,332,v,FALSE,131.11,Great,3,Great,,v,v,1,FALSE,
0804_T6_heldown_newtongraphing_constantforce,22,main,333,v,FALSE,132.33,Great,3,Great,,v,v,1,FALSE,
0804_T6_heldown_newtongraphing_constantforce,22,main,334,v,FALSE,131.49,Great,3,Great,,v,v,1,FALSE,
0804_T6_heldown_newtongraphing_constantforce,22,main,335,v,FALSE,97.34,Great,3,Great,,v,v,1,FALSE,
0804_T6_heldown_newtongraphing_constantforce,22,main,336,v,FALSE,130.36,Great,3,Great,,v,v,1,FALSE,
0804_T6_heldown_newtongraphing_constantforce,22,main,337,v,FALSE,64.29,Great,3,Great,,v,v,1,FALSE,
0804_T6_heldown_newtongraphing_constantforce,22,main,338,v,FALSE,130.36,Great,3,Great,,v,v,1,FALSE,
0804_T6_heldown_newtongraphing_constantforce,22,main,339,v,FALSE,98.45,Great,3,Great,,v,v,1,FALSE,
0804_T6_heldown_newtongraphing_constantforce,22,main,340,v,FALSE,67.14,Great,3,Great,,v,v,1,FALSE,
0804_T6_heldown_newtongraphing_constantforce,22,main,341,v,FALSE,100.33,Great,3,Great,,v,v,1,FALSE,
0804_T6_heldown_newtongraphing_constantforce,22,main,342,v,FALSE,116.92,Great,3,Great,,v,v,1,FALSE,
0804_T6_heldown_newtongraphing_constantforce,22,main,343,v,FALSE,100.76,Great,3,Great,,v,v,1,FALSE,
0804_T6_heldown_newtongraphing_constantforce,22,main,344,v,FALSE,115.04,Great,3,Great,,v,v,1,FALSE,
0804_T6_heldown_newtongraphing_constantforce,22,main,345,v,FALSE,98.24,Great,3,Great,,v,v,1,FALSE,
0804_T6_heldown_newtongraphing_constantforce,22,main,346,v,FALSE,84.15,Great,3,Great,,v,v,1,FALSE,
0804_T6_heldown_newtongraphing_constantforce,22,main,347,v,FALSE,165.46,Great,3,Great,,v,v,1,FALSE,
0804_T6_heldown_newtongraphing_constantforce,22,main,348,v,FALSE,132.36,Great,3,Great,,v,v,1,FALSE,
0804_T6_heldown_newtongraphing_constantforce,22,main,349,v,FALSE,148.02,Great,3,Great,,v,v,1,FALSE,
0804_T6_heldown_newtongraphing_constantforce,22,main,350,v,FALSE,80.25,Great,3,Great,,v,v,1,FALSE,
0804_T6_heldown_newtongraphing_constantforce,22,main,351,v,FALSE,129.63,Great,3,Great,,v,v,1,FALSE,
0804_T6_heldown_newtongraphing_constantforce,22,main,352,v,FALSE,132.11,Great,3,Great,,v,v,1,FALSE,
0804_T6_heldown_newtongraphing_constantforce,22,main,353,v,FALSE,97.86,Great,3,Great,,v,v,1,FALSE,
0804_T6_heldown_newtongraphing_constantforce,22,main,354,v,FALSE,114.93,Great,3,Great,,v,v,1,FALSE,
0804_T6_heldown_newtongraphing_constantforce,22,main,355,v,FALSE,131.21,Great,3,Great,,v,v,1,FALSE,
0804_T6_heldown_newtongraphing_constantforce,22,main,356,v,FALSE,134.18,Great,3,Great,,v,v,1,FALSE,
0804_T6_heldown_newtongraphing_constantforce,22,main,357,v,FALSE,132.83,Great,3,Great,,v,v,1,FALSE,
0804_T6_heldown_newtongraphing_constantforce,22,main,358,v,FALSE,50.97,Great,3,Great,,v,v,1,FALSE,
0804_T6_heldown_newtongraphing_constantforce,22,main,359,v,FALSE,180.64,Great,3,Great,,v,v,1,FALSE,
0804_T6_heldown_newtongraphing_constantforce,22,main,360,v,FALSE,82.26,Great,3,Great,,v,v,1,FALSE,
0804_T6_heldown_newtongraphing_constantforce,22,main,361,v,FALSE,196.45,Great,3,Great,,v,v,1,FALSE,
0804_T6_heldown_newtongraphing_constantforce,22,main,362,v,FALSE,113.97,Great,3,Great,,v,v,1,FALSE,
0804_T6_heldown_newtongraphing_constantforce,22,main,363,v,FALSE,130.29,Great,3,Great,,v,v,1,FALSE,
0804_T6_heldown_newtongraphing_constantforce,22,main,364,v,FALSE,117.75,Great,3,Great,,v,v,1,FALSE,
0804_T6_heldown_newtongraphing_constantforce,22,main,365,v,FALSE,132.38,Great,3,Great,,v,v,1,FALSE,
0804_T6_heldown_newtongraphing_constantforce,22,main,366,v,FALSE,82.98,Great,3,Great,,v,v,1,FALSE,
0804_T6_heldown_newtongraphing_constantforce,22,main,367,v,FALSE,132.95,Great,3,Great,,v,v,1,FALSE,
0804_T6_heldown_newtongraphing_constantforce,22,main,368,v,FALSE,146.91,Great,3,Great,,v,v,1,FALSE,
0804_T6_heldown_newtongraphing_constantforce,22,main,369,v,FALSE,97.54,Great,3,Great,,v,v,1,FALSE,
0804_T6_heldown_newtongraphing_constantforce,22,main,370,v,FALSE,163.08,Great,3,Great,,v,v,1,FALSE,
0804_T6_heldown_newtongraphing_constantforce,22,main,371,v,FALSE,99.63,Great,3,Great,,v,v,1,FALSE,
0804_T6_heldown_newtongraphing_constantforce,22,main,372,v,FALSE,132.77,Great,3,Great,,v,v,1,FALSE,
0804_T6_heldown_newtongraphing_constantforce,22,main,373,v,FALSE,132.89,Great,3,Great,,v,v,1,FALSE,
0804_T6_heldown_newtongraphing_constantforce,22,main,374,v,FALSE,117.74,Great,3,Great,,v,v,1,FALSE,
0804_T6_heldown_newtongraphing_constantforce,22,main,375,v,FALSE,99.79,Great,3,Great,,v,v,1,FALSE,
0804_T6_heldown_newtongraphing_constantforce,22,main,376,v,FALSE,64.11,Great,3,Great,,v,v,1,FALSE,
0804_T6_heldown_newtongraphing_constantforce,22,main,377,v,FALSE,50.41,Great,3,Great,,v,v,1,FALSE,
0804_T6_heldown_newtongraphing_constantforce,22,main,378,v,FALSE,34.38,Great,3,Great,,v,v,1,FALSE,
0804_T6_heldown_newtongraphing_constantforce,22,main,379,v,FALSE,16.38,Great,3,Great,,v,v,1,FALSE,
0804_T6_heldown_newtongraphing_constantforce,22,main,380,v,FALSE,0.22,Great,3,Great,,v,v,1,FALSE,
0804_T6_heldown_newtongraphing_constantforce,22,main,381,v,FALSE,32.25,Great,3,Great,,v,v,1,FALSE,
0804_T6_heldown_newtongraphing_constantforce,22,main,382,v,FALSE,66.75,Great,3,Great,,v,v,1,FALSE,
0804_T6_heldown_newtongraphing_constantforce,22,main,383,v,FALSE,100.38,Great,3,Great,,v,v,1,FALSE,
0804_T6_heldown_newtongraphing_constantforce,22,main,384,v,FALSE,66.17,Great,3,Great,,v,v,1,FALSE,
0804_T6_heldown_newtongraphing_constantforce,22,main,385,v,FALSE,99.43,Great,3,Great,,v,v,1,FALSE,
0804_T6_heldown_newtongraphing_constantforce,22,main,386,v,FALSE,64.95,Great,3,Great,,v,v,1,FALSE,
0804_T6_heldown_newtongraphing_constantforce,22,main,387,v,FALSE,98.02,Great,3,Great,,v,v,1,FALSE,
0804_T6_heldown_newtongraphing_constantforce,22,main,388,v,FALSE,50.39,Great,3,Great,,v,v,1,FALSE,
0804_T6_heldown_newtongraphing_constantforce,22,main,389,v,FALSE,32.13,Great,3,Great,,v,v,1,FALSE,
0804_T6_heldown_newtongraphing_constantforce,22,main,390,v,FALSE,67.78,Great,3,Great,,v,v,1,FALSE,
0804_T6_heldown_newtongraphing_constantforce,22,main,391,v,FALSE,51.03,Great,3,Great,,v,v,1,FALSE,
0804_T6_heldown_newtongraphing_constantforce,22,main,392,v,FALSE,49.42,Great,3,Great,,v,v,1,FALSE,
0804_T6_heldown_newtongraphing_constantforce,22,main,393,v,FALSE,48.73,Great,3,Great,,v,v,1,FALSE,
0804_T6_heldown_newtongraphing_constantforce,22,main,394,v,FALSE,98.74,Great,3,Great,,v,v,1,FALSE,
0804_T6_heldown_newtongraphing_constantforce,22,main,395,v,FALSE,84.32,Great,3,Great,,v,v,1,FALSE,
0804_T6_heldown_newtongraphing_constantforce,22,main,396,v,FALSE,32.05,Great,3,Great,,v,v,1,FALSE,
0804_T6_heldown_newtongraphing_constantforce,22,main,397,v,FALSE,66.74,Great,3,Great,,v,v,1,FALSE,
0804_T6_heldown_newtongraphing_constantforce,22,main,398,v,FALSE,16.51,Great,3,Great,,v,v,1,FALSE,
0804_T6_heldown_newtongraphing_constantforce,22,main,399,v,FALSE,50.76,Great,3,Great,,v,v,1,FALSE,
0804_T6_heldown_newtongraphing_constantforce,22,main,400,v,FALSE,47.62,Great,3,Great,,v,v,1,FALSE,
0804_T6_heldown_newtongraphing_constantforce,22,main,401,v,FALSE,64.8,Great,3,Great,,v,v,1,FALSE,
0804_T6_heldown_newtongraphing_constantforce,22,main,402,v,FALSE,32.35,Great,3,Great,,v,v,1,FALSE,
0804_T6_heldown_newtongraphing_constantforce,22,main,403,v,FALSE,65.48,Great,3,Great,,v,v,1,FALSE,
0804_T6_heldown_newtongraphing_constantforce,22,main,404,v,FALSE,33.37,Great,3,Great,,v,v,1,FALSE,
0804_T6_heldown_newtongraphing_constantforce,22,main,405,v,FALSE,83.12,Great,3,Great,,v,v,1,FALSE,
0804_T6_heldown_newtongraphing_constantforce,22,main,406,v,FALSE,66.21,Great,3,Great,,v,v,1,FALSE,
0804_T6_heldown_newtongraphing_constantforce,22,main,407,v,FALSE,16.75,Great,3,Great,,v,v,1,FALSE,
0804_T6_heldown_newtongraphing_constantforce,22,main,408,v,FALSE,31.5,Great,3,Great,,v,v,1,FALSE,
0804_T6_heldown_newtongraphing_constantforce,22,main,409,v,FALSE,0.18,Great,3,Great,,v,v,1,FALSE,
0804_T6_heldown_newtongraphing_constantforce,22,main,410,v,FALSE,84.79,Great,3,Great,,v,v,1,FALSE,
0804_T6_heldown_newtongraphing_constantforce,22,main,411,v,FALSE,81.8,Great,3,Great,,v,v,1,FALSE,
0804_T6_heldown_newtongraphing_constantforce,22,main,412,v,FALSE,83.87,Great,3,Great,,v,v,1,FALSE,
0804_T6_heldown_newtongraphing_constantforce,22,main,413,v,FALSE,33.23,Great,3,Great,,v,v,1,FALSE,
0804_T6_heldown_newtongraphing_constantforce,22,main,414,v,FALSE,64.4,Great,3,Great,,v,v,1,FALSE,
0804_T6_heldown_newtongraphing_constantforce,22,main,415,v,FALSE,65.16,Great,3,Great,,v,v,1,FALSE,
0804_T6_heldown_newtongraphing_constantforce,22,main,416,v,FALSE,33.74,Great,3,Great,,v,v,1,FALSE,
0804_T6_heldown_newtongraphing_constantforce,22,main,417,v,FALSE,67.39,Great,3,Great,,v,v,1,FALSE,
0804_T6_heldown_newtongraphing_constantforce,22,main,418,v,FALSE,49.99,Great,3,Great,,v,v,1,FALSE,
0804_T6_heldown_newtongraphing_constantforce,22,main,419,v,FALSE,98.11,Great,3,Great,,v,v,1,FALSE,
0804_T6_heldown_newtongraphing_constantforce,22,main,420,v,FALSE,50.92,Great,3,Great,,v,v,1,FALSE,
0804_T6_heldown_newtongraphing_constantforce,22,main,421,v,FALSE,50.22,Great,3,Great,,v,v,1,FALSE,
0804_T6_heldown_newtongraphing_constantforce,22,main,422,v,FALSE,64.27,Great,3,Great,,v,v,1,FALSE,
0804_T6_heldown_newtongraphing_constantforce,22,main,423,v,FALSE,51.04,Great,3,Great,,v,v,1,FALSE,
0804_T6_heldown_newtongraphing_constantforce,22,main,424,v,FALSE,66.59,Great,3,Great,,v,v,1,FALSE,
0804_T6_heldown_newtongraphing_constantforce,22,main,425,v,FALSE,65.85,Great,3,Great,,v,v,1,FALSE,
0804_T6_heldown_newtongraphing_constantforce,22,main,426,v,FALSE,33.55,Great,3,Great,,v,v,1,FALSE,
0804_T6_heldown_newtongraphing_constantforce,22,main,427,v,FALSE,49.93,Great,3,Great,,v,v,1,FALSE,
0804_T6_heldown_newtongraphing_constantforce,22,main,428,v,FALSE,83.97,Great,3,Great,,v,v,1,FALSE,
0804_T6_heldown_newtongraphing_constantforce,22,main,429,v,FALSE,67.84,Great,3,Great,,v,v,1,FALSE,
0804_T6_heldown_newtongraphing_constantforce,22,main,430,v,FALSE,99.4,Great,3,Great,,v,v,1,FALSE,
0804_T6_heldown_newtongraphing_constantforce,22,main,431,v,FALSE,50.3,Great,3,Great,,v,v,1,FALSE,
0804_T6_heldown_newtongraphing_constantforce,22,main,432,v,FALSE,66.55,Great,3,Great,,v,v,1,FALSE,
0804_T6_heldown_newtongraphing_constantforce,22,main,433,v,FALSE,82.11,Great,3,Great,,v,v,1,FALSE,
0804_T6_heldown_newtongraphing_constantforce,22,main,434,v,FALSE,-0.28,Great,3,Great,anticipatory_correct,v,v,1,FALSE,
0804_T6_heldown_newtongraphing_constantforce,22,main,435,v,FALSE,446.75,Good,2,Good,,v,v,1,FALSE,
0804_T6_heldown_newtongraphing_constantforce,22,main,436,v,FALSE,66.59,Great,3,Great,,v,v,1,FALSE,
0804_T6_heldown_newtongraphing_constantforce,22,main,437,v,FALSE,0.22,Great,3,Great,,v,v,1,FALSE,
0804_T6_heldown_newtongraphing_constantforce,22,main,438,v,FALSE,82.32,Great,3,Great,,v,v,1,FALSE,
0804_T6_heldown_newtongraphing_constantforce,22,main,439,v,FALSE,66.12,Great,3,Great,,v,v,1,FALSE,
0804_T6_heldown_newtongraphing_constantforce,22,main,440,v,FALSE,34.54,Great,3,Great,,v,v,1,FALSE,
0804_T6_heldown_newtongraphing_constantforce,22,main,441,v,FALSE,83.27,Great,3,Great,,v,v,1,FALSE,
0804_T6_heldown_newtongraphing_constantforce,22,main,442,v,FALSE,48.81,Great,3,Great,,v,v,1,FALSE,
0804_T6_heldown_newtongraphing_constantforce,22,main,443,v,FALSE,65.92,Great,3,Great,,v,v,1,FALSE,
0804_T6_heldown_newtongraphing_constantforce,22,main,444,v,FALSE,67.75,Great,3,Great,,v,v,1,FALSE,
0804_T6_heldown_newtongraphing_constantforce,22,main,445,v,FALSE,64.57,Great,3,Great,,v,v,1,FALSE,
0804_T6_heldown_newtongraphing_constantforce,22,main,446,v,FALSE,118.6,Great,3,Great,,v,v,1,FALSE,
0804_T6_heldown_newtongraphing_constantforce,22,main,447,v,FALSE,81.17,Great,3,Great,,v,v,1,FALSE,
0804_T6_heldown_newtongraphing_constantforce,22,main,448,v,FALSE,33.08,Great,3,Great,,v,v,1,FALSE,
0804_T6_heldown_newtongraphing_constantforce,22,main,449,v,FALSE,67.83,Great,3,Great,,v,v,1,FALSE,
0804_T6_heldown_newtongraphing_constantforce,22,main,450,v,FALSE,33.42,Great,3,Great,,v,v,1,FALSE,
0804_T6_heldown_newtongraphing_constantforce,22,main,451,v,FALSE,66.36,Great,3,Great,,v,v,1,FALSE,
0804_T6_heldown_newtongraphing_constantforce,22,main,452,v,FALSE,48.68,Great,3,Great,,v,v,1,FALSE,
0804_T6_heldown_newtongraphing_constantforce,22,main,453,v,FALSE,66.17,Great,3,Great,,v,v,1,FALSE,
0804_T6_heldown_newtongraphing_constantforce,22,main,454,v,FALSE,65.27,Great,3,Great,,v,v,1,FALSE,
0804_T6_heldown_newtongraphing_constantforce,22,main,455,v,FALSE,65.73,Great,3,Great,,v,v,1,FALSE,
0804_T6_heldown_newtongraphing_constantforce,22,main,456,v,FALSE,32.9,Great,3,Great,,v,v,1,FALSE,
0804_T6_heldown_newtongraphing_constantforce,22,main,457,v,FALSE,16.44,Great,3,Great,,v,v,1,FALSE,
0804_T6_heldown_newtongraphing_constantforce,22,main,458,v,FALSE,66.29,Great,3,Great,,v,v,1,FALSE,
0804_T6_heldown_newtongraphing_constantforce,22,main,459,v,FALSE,48.01,Great,3,Great,,v,v,1,FALSE,
0804_T6_heldown_newtongraphing_constantforce,22,main,460,v,FALSE,81.88,Great,3,Great,,v,v,1,FALSE,
0804_T6_heldown_newtongraphing_constantforce,22,main,461,v,FALSE,98.71,Great,3,Great,,v,v,1,FALSE,
0804_T6_heldown_newtongraphing_constantforce,22,main,462,v,FALSE,33.7,Great,3,Great,,v,v,1,FALSE,
0804_T6_heldown_newtongraphing_constantforce,22,main,463,v,FALSE,63.91,Great,3,Great,,v,v,1,FALSE,
0804_T6_heldown_newtongraphing_constantforce,22,main,464,v,FALSE,116.14,Great,3,Great,,v,v,1,FALSE,
0804_T6_heldown_newtongraphing_constantforce,22,main,465,v,FALSE,47.7,Great,3,Great,,v,v,1,FALSE,
0804_T6_heldown_newtongraphing_constantforce,22,main,466,v,FALSE,81.48,Great,3,Great,,v,v,1,FALSE,
0804_T6_heldown_newtongraphing_constantforce,22,main,467,v,FALSE,83.13,Great,3,Great,,v,v,1,FALSE,
0804_T6_heldown_newtongraphing_constantforce,22,main,468,v,FALSE,80.79,Great,3,Great,,v,v,1,FALSE,
0804_T6_heldown_newtongraphing_constantforce,22,main,469,v,FALSE,116.6,Great,3,Great,,v,v,1,FALSE,
0804_T6_heldown_newtongraphing_constantforce,22,main,470,v,FALSE,82.09,Great,3,Great,,v,v,1,FALSE,
0804_T6_heldown_newtongraphing_constantforce,22,main,471,v,FALSE,48.67,Great,3,Great,,v,v,1,FALSE,
0804_T6_heldown_newtongraphing_constantforce,22,main,472,v,FALSE,134.46,Great,3,Great,,v,v,1,FALSE,
0804_T6_heldown_newtongraphing_constantforce,22,main,473,v,FALSE,65.46,Great,3,Great,,v,v,1,FALSE,
0804_T6_heldown_newtongraphing_constantforce,22,main,474,v,FALSE,81.59,Great,3,Great,,v,v,1,FALSE,
0804_T6_heldown_newtongraphing_constantforce,22,main,475,v,FALSE,102.89,Great,3,Great,,v,v,1,FALSE,
0804_T6_heldown_newtongraphing_constantforce,22,main,476,v,FALSE,80.11,Great,3,Great,,v,v,1,FALSE,
0804_T6_heldown_newtongraphing_constantforce,22,main,477,v,FALSE,47.58,Great,3,Great,,v,v,1,FALSE,
0804_T6_heldown_newtongraphing_constantforce,22,main,478,v,FALSE,49.54,Great,3,Great,,v,v,1,FALSE,
0804_T6_heldown_newtongraphing_constantforce,22,main,479,v,FALSE,81.36,Great,3,Great,,v,v,1,FALSE,
0804_T6_heldown_newtongraphing_constantforce,22,main,480,v,FALSE,49.72,Great,3,Great,,v,v,1,FALSE,
0804_T6_heldown_newtongraphing_constantforce,22,main,481,v,FALSE,65.94,Great,3,Great,,v,v,1,FALSE,
0804_T6_heldown_newtongraphing_constantforce,22,main,482,v,FALSE,33.09,Great,3,Great,,v,v,1,FALSE,
0804_T6_heldown_newtongraphing_constantforce,22,main,483,v,FALSE,150.24,Great,3,Great,,v,v,1,FALSE,
0804_T6_heldown_newtongraphing_constantforce,22,main,484,v,FALSE,97.12,Great,3,Great,,v,v,1,FALSE,
0804_T6_heldown_newtongraphing_constantforce,22,main,485,v,FALSE,48.06,Great,3,Great,,v,v,1,FALSE,
0804_T6_heldown_newtongraphing_constantforce,22,main,486,v,FALSE,83.06,Great,3,Great,,v,v,1,FALSE,
0804_T6_heldown_newtongraphing_constantforce,22,main,487,v,FALSE,97.24,Great,3,Great,,v,v,1,FALSE,
0804_T6_heldown_newtongraphing_constantforce,22,main,488,v,FALSE,17.47,Great,3,Great,,v,v,1,FALSE,
0804_T6_heldown_newtongraphing_constantforce,22,main,489,v,FALSE,66.64,Great,3,Great,,v,v,1,FALSE,
0804_T6_heldown_newtongraphing_constantforce,22,main,490,v,FALSE,80.88,Great,3,Great,,v,v,1,FALSE,
0804_T6_heldown_newtongraphing_constantforce,22,main,491,v,FALSE,48.87,Great,3,Great,,v,v,1,FALSE,
0804_T6_heldown_newtongraphing_constantforce,22,main,492,v,FALSE,15.89,Great,3,Great,,v,v,1,FALSE,
0804_T6_heldown_newtongraphing_constantforce,22,main,493,v,FALSE,132.97,Great,3,Great,,v,v,1,FALSE,
0804_T6_heldown_newtongraphing_constantforce,22,main,494,v,FALSE,82.35,Great,3,Great,,v,v,1,FALSE,
0804_T6_heldown_newtongraphing_constantforce,22,main,495,v,FALSE,84.03,Great,3,Great,,v,v,1,FALSE,
0804_T6_heldown_newtongraphing_constantforce,22,main,496,v,FALSE,51.15,Great,3,Great,,v,v,1,FALSE,
0804_T6_heldown_newtongraphing_constantforce,22,main,497,v,FALSE,50.61,Great,3,Great,,v,v,1,FALSE,
0804_T6_heldown_newtongraphing_constantforce,22,main,498,v,FALSE,84.01,Great,3,Great,,v,v,1,FALSE,
0804_T6_heldown_newtongraphing_constantforce,22,main,499,v,FALSE,50.73,Great,3,Great,,v,v,1,FALSE,
0804_T6_heldown_newtongraphing_constantforce,22,main,500,v,FALSE,66.0,Great,3,Great,,v,v,1,FALSE,
0804_T6_heldown_newtongraphing_constantforce,22,aftertest,1,v,FALSE,1002.56,Miss,-2,Miss!,timeout,,v,0,FALSE,
0804_T6_heldown_newtongraphing_constantforce,22,aftertest,2,v,FALSE,1001.65,Miss,-2,Miss!,timeout,,v,0,FALSE,
0804_T6_heldown_newtongraphing_constantforce,22,aftertest,3,v,FALSE,1009.99,Miss,-2,Miss!,timeout,,v,0,FALSE,
0804_T6_heldown_newtongraphing_constantforce,22,aftertest,4,v,FALSE,1005.04,Miss,-2,Miss!,timeout,,v,0,FALSE,
0804_T6_heldown_newtongraphing_constantforce,22,aftertest,5,v,FALSE,1012.19,Miss,-2,Miss!,timeout,,v,0,FALSE,
0804_T6_heldown_newtongraphing_constantforce,22,aftertest,6,v,FALSE,1015.82,Miss,-2,Miss!,timeout,,v,0,FALSE,
0804_T6_heldown_newtongraphing_constantforce,22,aftertest,7,v,FALSE,1008.16,Miss,-2,Miss!,timeout,,v,0,FALSE,
0804_T6_heldown_newtongraphing_constantforce,22,aftertest,8,v,FALSE,1006.6,Miss,-2,Miss!,timeout,,v,0,FALSE,
0804_T6_heldown_newtongraphing_constantforce,22,aftertest,9,v,FALSE,1009.91,Miss,-2,Miss!,timeout,,v,0,FALSE,
0804_T6_heldown_newtongraphing_constantforce,22,aftertest,10,v,FALSE,1007.99,Miss,-2,Miss!,timeout,,v,0,FALSE,
0804_T6_heldown_newtongraphing_constantforce,22,aftertest,11,v,FALSE,1011.93,Miss,-2,Miss!,timeout,,v,0,FALSE,
0804_T6_heldown_newtongraphing_constantforce,22,aftertest,12,v,FALSE,1002.32,Miss,-2,Miss!,timeout,,v,0,FALSE,
0804_T6_heldown_newtongraphing_constantforce,22,aftertest,13,v,FALSE,1007.96,Miss,-2,Miss!,timeout,,v,0,FALSE,
0804_T6_heldown_newtongraphing_constantforce,22,aftertest,14,v,FALSE,1015.88,Miss,-2,Miss!,timeout,,v,0,FALSE,
0804_T6_heldown_newtongraphing_constantforce,22,aftertest,15,v,FALSE,1008.68,Miss,-2,Miss!,timeout,,v,0,FALSE,
0804_T6_heldown_newtongraphing_constantforce,22,aftertest,16,v,FALSE,1002.57,Miss,-2,Miss!,timeout,,v,0,FALSE,
0804_T6_heldown_newtongraphing_constantforce,22,aftertest,17,v,FALSE,1015.3,Miss,-2,Miss!,timeout,,v,0,FALSE,
0804_T6_heldown_newtongraphing_constantforce,22,aftertest,18,v,FALSE,1012.33,Miss,-2,Miss!,timeout,,v,0,FALSE,
0804_T6_heldown_newtongraphing_constantforce,22,aftertest,19,v,FALSE,1015.68,Miss,-2,Miss!,timeout,,v,0,FALSE,
0804_T6_heldown_newtongraphing_constantforce,22,aftertest,20,v,FALSE,1006.04,Miss,-2,Miss!,timeout,,v,0,FALSE,
0804_T6_heldown_newtongraphing_constantforce,22,aftertest,21,v,FALSE,1004.8,Miss,-2,Miss!,timeout,,v,0,FALSE,
0804_T6_heldown_newtongraphing_constantforce,22,aftertest,22,v,FALSE,1005.35,Miss,-2,Miss!,timeout,,v,0,FALSE,
0804_T6_heldown_newtongraphing_constantforce,22,aftertest,23,v,FALSE,1007.37,Miss,-2,Miss!,timeout,,v,0,FALSE,
0804_T6_heldown_newtongraphing_constantforce,22,aftertest,24,v,FALSE,1012.62,Miss,-2,Miss!,timeout,,v,0,FALSE,
0804_T6_heldown_newtongraphing_constantforce,22,aftertest,25,v,FALSE,1011.44,Miss,-2,Miss!,timeout,,v,0,FALSE,
0804_T6_heldown_newtongraphing_constantforce,22,aftertest,26,v,FALSE,1009.31,Miss,-2,Miss!,timeout,,v,0,FALSE,
0804_T6_heldown_newtongraphing_constantforce,22,aftertest,27,v,FALSE,1007.65,Miss,-2,Miss!,timeout,,v,0,FALSE,
0804_T6_heldown_newtongraphing_constantforce,22,aftertest,28,v,FALSE,1006.82,Miss,-2,Miss!,timeout,,v,0,FALSE,
0804_T6_heldown_newtongraphing_constantforce,22,aftertest,29,v,FALSE,1012.31,Miss,-2,Miss!,timeout,,v,0,FALSE,
0804_T6_heldown_newtongraphing_constantforce,22,aftertest,30,v,FALSE,1000.45,Miss,-2,Miss!,timeout,,v,0,FALSE,
0804_T6_heldown_newtongraphing_constantforce,22,aftertest,31,v,FALSE,1010.22,Miss,-2,Miss!,timeout,,v,0,FALSE,
0804_T6_heldown_newtongraphing_constantforce,22,aftertest,32,v,FALSE,1007.94,Miss,-2,Miss!,timeout,,v,0,FALSE,
0804_T6_heldown_newtongraphing_constantforce,22,aftertest,33,v,FALSE,1009.51,Miss,-2,Miss!,timeout,,v,0,FALSE,
0804_T6_heldown_newtongraphing_constantforce,22,aftertest,34,v,FALSE,1001.32,Miss,-2,Miss!,timeout,,v,0,FALSE,
0804_T6_heldown_newtongraphing_constantforce,22,aftertest,35,v,FALSE,1011.2,Miss,-2,Miss!,timeout,,v,0,FALSE,
0804_T6_heldown_newtongraphing_constantforce,22,aftertest,36,v,FALSE,1009.93,Miss,-2,Miss!,timeout,,v,0,FALSE,
0804_T6_heldown_newtongraphing_constantforce,22,aftertest,37,v,FALSE,1003.82,Miss,-2,Miss!,timeout,,v,0,FALSE,
0804_T6_heldown_newtongraphing_constantforce,22,aftertest,38,v,FALSE,1010.83,Miss,-2,Miss!,timeout,,v,0,FALSE,
0804_T6_heldown_newtongraphing_constantforce,22,aftertest,39,v,FALSE,1010.07,Miss,-2,Miss!,timeout,,v,0,FALSE,
0804_T6_heldown_newtongraphing_constantforce,22,aftertest,40,v,FALSE,1009.94,Miss,-2,Miss!,timeout,,v,0,FALSE,
0804_T6_heldown_newtongraphing_constantforce,22,aftertest,41,v,FALSE,1013.51,Miss,-2,Miss!,timeout,,v,0,FALSE,
0804_T6_heldown_newtongraphing_constantforce,22,aftertest,42,v,FALSE,1006.08,Miss,-2,Miss!,timeout,,v,0,FALSE,
0804_T6_heldown_newtongraphing_constantforce,22,aftertest,43,v,FALSE,1000.98,Miss,-2,Miss!,timeout,,v,0,FALSE,
0804_T6_heldown_newtongraphing_constantforce,22,aftertest,44,v,FALSE,1007.93,Miss,-2,Miss!,timeout,,v,0,FALSE,
0804_T6_heldown_newtongraphing_constantforce,22,aftertest,45,v,FALSE,1014.49,Miss,-2,Miss!,timeout,,v,0,FALSE,
0804_T6_heldown_newtongraphing_constantforce,22,aftertest,46,v,FALSE,1001.48,Miss,-2,Miss!,timeout,,v,0,FALSE,
0804_T6_heldown_newtongraphing_constantforce,22,aftertest,47,v,FALSE,1012.92,Miss,-2,Miss!,timeout,,v,0,FALSE,
0804_T6_heldown_newtongraphing_constantforce,22,aftertest,48,v,FALSE,1001.6,Miss,-2,Miss!,timeout,,v,0,FALSE,
0804_T6_heldown_newtongraphing_constantforce,22,aftertest,49,v,FALSE,1007.66,Miss,-2,Miss!,timeout,,v,0,FALSE,
0804_T6_heldown_newtongraphing_constantforce,22,aftertest,50,v,FALSE,1010.01,Miss,-2,Miss!,timeout,,v,0,FALSE,
