trial_id,stim_time_s,stim_lane,reaction_time_ms,peak_fsr1_raw,peak_fsr2_raw,peak_fsr3_raw,peak_fsr4_raw
1,1269431.861485,0,N/A,-16.0,-255.0,-255.0,-255.0
2,1269433.476716,0,N/A,-16.0,-255.0,-255.0,-255.0
3,1269435.093745,0,N/A,-16.0,-255.0,-255.0,-255.0
4,1269436.716069,0,N/A,-16.0,-255.0,-255.0,-255.0
5,1269438.337733,0,N/A,-16.0,-255.0,-255.0,-255.0
6,1269439.948484,0,N/A,-16.0,-255.0,-255.0,-255.0
7,1269441.555449,0,N/A,-16.0,-255.0,-255.0,-255.0
8,1269443.17483,0,N/A,-16.0,-255.0,-255.0,-255.0
9,1269444.789791,0,N/A,-13.0,-255.0,-255.0,-255.0
10,1269446.403813,0,N/A,-16.0,-255.0,-255.0,-255.0
11,1269448.016769,0,N/A,-16.0,-255.0,-255.0,-255.0
12,1269449.629054,0,N/A,-16.0,-255.0,-255.0,-255.0
13,1269451.251068,0,N/A,-16.0,-255.0,-255.0,-255.0
14,1269452.868597,0,N/A,-16.0,-255.0,-255.0,-255.0
15,1269454.485077,0,N/A,-16.0,-255.0,-255.0,-255.0
16,1269456.100988,0,N/A,-16.0,-255.0,-255.0,-255.0
17,1269457.721462,0,N/A,-16.0,-255.0,-255.0,-255.0
18,1269459.338688,0,N/A,-16.0,-255.0,-255.0,-255.0
19,1269460.955973,0,N/A,-16.0,-255.0,-255.0,-255.0
20,1269462.576416,0,793.9,69.0,-255.0,-255.0,-255.0
21,1269464.11165,0,225.0,113.0,-255.0,-255.0,-255.0
22,1269465.395426,0,447.0,119.0,-255.0,-255.0,-255.0
23,1269466.549632,0,464.5,106.0,-255.0,-255.0,-255.0
24,1269467.725505,0,N/A,100.0,-255.0,-255.0,-255.0
25,1269468.862032,0,N/A,100.0,-255.0,-255.0,-255.0
26,1269469.953593,0,N/A,98.0,-255.0,-255.0,-255.0
27,1269470.997576,0,N/A,100.0,-255.0,-255.0,-255.0
28,1269472.023301,0,N/A,108.0,-255.0,-255.0,-255.0
29,1269473.079203,0,291.2,133.0,-255.0,-255.0,-255.0
30,1269474.387164,0,N/A,103.0,-255.0,-255.0,-255.0
31,1269475.456138,0,N/A,108.0,-255.0,-255.0,-255.0
32,1269476.614797,0,N/A,109.0,-255.0,-255.0,-255.0
33,1269477.678511,0,N/A,109.0,-255.0,-255.0,-255.0
34,1269478.721152,0,N/A,103.0,-255.0,-255.0,-255.0
35,1269479.777631,0,329.7,116.0,-255.0,-255.0,-255.0
36,1269481.39115,0,227.9,119.0,-255.0,-255.0,-255.0
37,1269482.334437,0,315.9,122.0,-255.0,-255.0,-255.0
38,1269483.34337,0,277.6,105.0,-255.0,-255.0,-255.0
39,1269484.402175,0,269.5,113.0,-255.0,-255.0,-255.0
40,1269485.395059,0,N/A,113.0,-255.0,-255.0,-255.0
41,1269486.396681,0,272.8,116.0,-255.0,-255.0,-255.0
42,1269487.374799,0,445.7,113.0,-255.0,-255.0,-255.0
43,1269488.537728,0,333.7,122.0,-255.0,-255.0,-255.0
44,1269490.155025,0,N/A,119.0,-255.0,-255.0,-255.0
45,1269491.219181,0,N/A,113.0,-255.0,-255.0,-255.0
46,1269492.228166,0,N/A,109.0,-255.0,-255.0,-255.0
47,1269493.268926,0,N/A,116.0,-255.0,-255.0,-255.0
48,1269494.26901,0,N/A,113.0,-255.0,-255.0,-255.0
49,1269495.336544,0,311.3,122.0,-255.0,-255.0,-255.0
50,1269496.365994,0,293.5,128.0,-255.0,-255.0,-255.0
1,1269498.285263,0,501.2,196.0,-255.0,-255.0,-255.0
2,1269499.475194,0,267.7,165.0,-255.0,-255.0,-255.0
3,1269500.484865,0,234.1,170.0,-255.0,-255.0,-255.0
4,1269501.434607,0,254.9,158.0,-255.0,-255.0,-255.0
5,1269502.425469,0,244.9,170.0,-255.0,-255.0,-255.0
6,1269503.385403,0,202.2,162.0,-255.0,-255.0,-255.0
7,1269504.317478,0,259.6,171.0,-255.0,-255.0,-255.0
8,1269505.281701,0,206.6,200.0,-255.0,-255.0,-255.0
9,1269506.186022,0,198.8,170.0,-255.0,-255.0,-255.0
10,1269507.095975,0,199.6,188.0,-255.0,-255.0,-255.0
11,1269508.015464,0,190.2,177.0,-255.0,-255.0,-255.0
12,1269508.903739,0,148.7,184.0,-255.0,-255.0,-255.0
13,1269509.763506,0,194.0,174.0,-255.0,-255.0,-255.0
14,1269510.665511,0,182.8,182.0,-255.0,-255.0,-255.0
15,1269511.550073,0,185.2,159.0,-255.0,-255.0,-255.0
16,1269512.456437,0,204.1,167.0,-255.0,-255.0,-255.0
17,1269513.357741,0,219.2,185.0,-255.0,-255.0,-255.0
18,1269514.270304,0,177.1,190.0,-255.0,-255.0,-255.0
19,1269515.141428,0,182.5,168.0,-255.0,-255.0,-255.0
20,1269516.034992,0,189.8,178.0,-255.0,-255.0,-255.0
21,1269516.930114,0,195.7,155.0,-255.0,-255.0,-255.0
22,1269517.822947,0,148.4,162.0,-255.0,-255.0,-255.0
23,1269518.683336,0,173.8,161.0,-255.0,-255.0,-255.0
24,1269519.558485,0,174.1,161.0,-255.0,-255.0,-255.0
25,1269520.433747,0,185.4,163.0,-255.0,-255.0,-255.0
26,1269521.309387,0,165.8,165.0,-255.0,-255.0,-255.0
27,1269522.184226,0,136.4,157.0,-255.0,-255.0,-255.0
28,1269523.031952,0,219.6,155.0,-255.0,-255.0,-255.0
29,1269523.934329,0,173.0,187.0,-255.0,-255.0,-255.0
30,1269524.811791,0,181.7,189.0,-255.0,-255.0,-255.0
31,1269525.690536,0,229.1,182.0,-255.0,-255.0,-255.0
32,1269526.619455,0,160.2,167.0,-255.0,-255.0,-255.0
33,1269527.482968,0,193.5,178.0,-255.0,-255.0,-255.0
34,1269528.392396,0,169.8,193.0,-255.0,-255.0,-255.0
35,1269529.252445,0,201.1,187.0,-255.0,-255.0,-255.0
36,1269530.136523,0,142.7,170.0,-255.0,-255.0,-255.0
37,1269530.996353,0,178.8,161.0,-255.0,-255.0,-255.0
38,1269531.869338,0,170.8,168.0,-255.0,-255.0,-255.0
39,1269532.748381,0,102.9,168.0,-255.0,-255.0,-255.0
40,1269533.585992,0,101.5,156.0,-255.0,-255.0,-255.0
41,1269534.445558,0,127.5,174.0,-255.0,-255.0,-255.0
42,1269535.28551,0,148.7,174.0,-255.0,-255.0,-255.0
43,1269536.135587,0,209.9,167.0,-255.0,-255.0,-255.0
44,1269537.043308,0,177.9,185.0,-255.0,-255.0,-255.0
45,1269537.914427,0,182.9,185.0,-255.0,-255.0,-255.0
46,1269538.770688,0,177.8,163.0,-255.0,-255.0,-255.0
47,1269539.643694,0,169.5,161.0,-255.0,-255.0,-255.0
48,1269540.516741,0,202.5,167.0,-255.0,-255.0,-255.0
49,1269541.404323,0,170.8,163.0,-255.0,-255.0,-255.0
50,1269542.282098,0,103.9,159.0,-255.0,-255.0,-255.0
51,1269543.103875,0,148.3,159.0,-255.0,-255.0,-255.0
52,1269543.966979,0,141.1,159.0,-255.0,-255.0,-255.0
53,1269544.834648,0,139.8,159.0,-255.0,-255.0,-255.0
54,1269545.674229,0,185.6,155.0,-255.0,-255.0,-255.0
55,1269546.568375,0,167.5,152.0,-255.0,-255.0,-255.0
56,1269547.452211,0,184.1,152.0,-255.0,-255.0,-255.0
57,1269548.324233,0,112.7,158.0,-255.0,-255.0,-255.0
58,1269549.175397,0,172.8,159.0,-255.0,-255.0,-255.0
59,1269550.06768,0,171.3,162.0,-255.0,-255.0,-255.0
60,1269550.949158,0,181.0,163.0,-255.0,-255.0,-255.0
61,1269551.821535,0,200.2,158.0,-255.0,-255.0,-255.0
62,1269552.716037,0,196.4,170.0,-255.0,-255.0,-255.0
63,1269553.604639,0,113.4,159.0,-255.0,-255.0,-255.0
64,1269554.418717,0,190.0,152.0,-255.0,-255.0,-255.0
65,1269555.30203,0,147.2,168.0,-255.0,-255.0,-255.0
66,1269556.167086,0,208.8,168.0,-255.0,-255.0,-255.0
67,1269557.060021,0,141.0,157.0,-255.0,-255.0,-255.0
68,1269557.914696,0,172.0,167.0,-255.0,-255.0,-255.0
69,1269558.789903,0,118.0,174.0,-255.0,-255.0,-255.0
70,1269559.618733,0,186.1,174.0,-255.0,-255.0,-255.0
71,1269560.495904,0,208.7,189.0,-255.0,-255.0,-255.0
72,1269561.386795,0,184.6,178.0,-255.0,-255.0,-255.0
73,1269562.264957,0,162.5,171.0,-255.0,-255.0,-255.0
74,1269563.11936,0,163.5,169.0,-255.0,-255.0,-255.0
75,1269563.983122,0,230.3,159.0,-255.0,-255.0,-255.0
76,1269564.914958,0,204.6,159.0,-255.0,-255.0,-255.0
77,1269565.803069,0,151.9,168.0,-255.0,-255.0,-255.0
78,1269566.653824,0,137.6,168.0,-255.0,-255.0,-255.0
79,1269567.501897,0,190.7,167.0,-255.0,-255.0,-255.0
80,1269568.393863,0,189.3,160.0,-255.0,-255.0,-255.0
81,1269569.3001,0,153.3,167.0,-255.0,-255.0,-255.0
82,1269570.159993,0,194.6,167.0,-255.0,-255.0,-255.0
83,1269571.049072,0,141.8,155.0,-255.0,-255.0,-255.0
84,1269571.902646,0,144.2,155.0,-255.0,-255.0,-255.0
85,1269572.7648,0,178.0,156.0,-255.0,-255.0,-255.0
86,1269573.633564,0,170.1,163.0,-255.0,-255.0,-255.0
87,1269574.513643,0,205.5,186.0,-255.0,-255.0,-255.0
88,1269575.405236,0,190.3,184.0,-255.0,-255.0,-255.0
89,1269576.29977,0,187.3,158.0,-255.0,-255.0,-255.0
90,1269577.200355,0,161.4,163.0,-255.0,-255.0,-255.0
91,1269578.058464,0,184.8,163.0,-255.0,-255.0,-255.0
92,1269578.952818,0,176.1,170.0,-255.0,-255.0,-255.0
93,1269579.82667,0,163.5,170.0,-255.0,-255.0,-255.0
94,1269580.702546,0,192.7,155.0,-255.0,-255.0,-255.0
95,1269581.595131,0,201.1,162.0,-255.0,-255.0,-255.0
96,1269582.488231,0,128.9,159.0,-255.0,-255.0,-255.0
97,1269583.319218,0,159.1,159.0,-255.0,-255.0,-255.0
98,1269584.200802,0,173.2,173.0,-255.0,-255.0,-255.0
99,1269585.080147,0,160.1,241.0,-255.0,-255.0,-255.0
100,1269585.926968,0,183.6,250.0,-255.0,-255.0,-255.0
101,1269586.788806,0,182.7,243.0,-255.0,-255.0,-255.0
102,1269587.64836,0,199.6,258.0,-255.0,-255.0,-255.0
103,1269588.517079,0,176.7,242.0,-255.0,-255.0,-255.0
104,1269589.374088,0,180.7,227.0,-255.0,-255.0,-255.0
105,1269590.240643,0,204.9,215.0,-255.0,-255.0,-255.0
106,1269591.126948,0,179.5,224.0,-255.0,-255.0,-255.0
107,1269592.001108,0,181.5,218.0,-255.0,-255.0,-255.0
108,1269592.881464,0,156.3,210.0,-255.0,-255.0,-255.0
109,1269593.72617,0,142.9,224.0,-255.0,-255.0,-255.0
110,1269594.555408,0,154.2,257.0,-255.0,-255.0,-255.0
111,1269595.399941,0,145.2,258.0,-255.0,-255.0,-255.0
112,1269596.219648,0,177.2,258.0,-255.0,-255.0,-255.0
113,1269597.082481,0,144.7,233.0,-255.0,-255.0,-255.0
114,1269597.909598,0,123.2,233.0,-255.0,-255.0,-255.0
115,1269598.748279,0,135.3,227.0,-255.0,-255.0,-255.0
116,1269599.580836,0,129.1,227.0,-255.0,-255.0,-255.0
117,1269600.411597,0,128.7,211.0,-255.0,-255.0,-255.0
118,1269601.233168,0,88.2,215.0,-255.0,-255.0,-255.0
119,1269602.020198,0,146.7,215.0,-255.0,-255.0,-255.0
120,1269602.864578,0,153.2,212.0,-255.0,-255.0,-255.0
121,1269603.702188,0,117.9,213.0,-255.0,-255.0,-255.0
122,1269604.541887,0,133.4,230.0,-255.0,-255.0,-255.0
123,1269605.385849,0,109.5,230.0,-255.0,-255.0,-255.0
124,1269606.211773,0,149.6,204.0,-255.0,-255.0,-255.0
125,1269607.066016,0,146.2,211.0,-255.0,-255.0,-255.0
126,1269607.922069,0,171.6,212.0,-255.0,-255.0,-255.0
127,1269608.770333,0,169.0,213.0,-255.0,-255.0,-255.0
128,1269609.629273,0,195.8,213.0,-255.0,-255.0,-255.0
129,1269610.50216,0,139.0,203.0,-255.0,-255.0,-255.0
130,1269611.332538,0,149.2,208.0,-255.0,-255.0,-255.0
131,1269612.174365,0,118.1,208.0,-255.0,-255.0,-255.0
132,1269612.993222,0,135.8,214.0,-255.0,-255.0,-255.0
133,1269613.809715,0,144.2,227.0,-255.0,-255.0,-255.0
134,1269614.65724,0,58.3,227.0,-255.0,-255.0,-255.0
135,1269615.436228,0,95.2,227.0,-255.0,-255.0,-255.0
136,1269616.230229,0,102.3,227.0,-255.0,-255.0,-255.0
137,1269617.018979,0,158.8,208.0,-255.0,-255.0,-255.0
138,1269617.879117,0,74.5,206.0,-255.0,-255.0,-255.0
139,1269618.671559,0,178.0,208.0,-255.0,-255.0,-255.0
140,1269619.546566,0,148.7,212.0,-255.0,-255.0,-255.0
141,1269620.390183,0,105.7,212.0,-255.0,-255.0,-255.0
142,1269621.198079,0,139.3,202.0,-255.0,-255.0,-255.0
143,1269622.027686,0,105.1,214.0,-255.0,-255.0,-255.0
144,1269622.81392,0,134.8,214.0,-255.0,-255.0,-255.0
145,1269623.646507,0,142.8,199.0,-255.0,-255.0,-255.0
146,1269624.488038,0,107.0,197.0,-255.0,-255.0,-255.0
147,1269625.282733,0,98.4,197.0,-255.0,-255.0,-255.0
148,1269626.071554,0,155.3,193.0,-255.0,-255.0,-255.0
149,1269626.914896,0,138.1,199.0,-255.0,-255.0,-255.0
150,1269627.764576,0,109.5,199.0,-255.0,-255.0,-255.0
151,1269628.561227,0,88.0,187.0,-255.0,-255.0,-255.0
152,1269629.368237,0,102.0,207.0,-255.0,-255.0,-255.0
153,1269630.165438,0,96.0,208.0,-255.0,-255.0,-255.0
154,1269630.950848,0,121.4,220.0,-255.0,-255.0,-255.0
155,1269631.765297,0,97.3,220.0,-255.0,-255.0,-255.0
156,1269632.56101,0,118.3,206.0,-255.0,-255.0,-255.0
157,1269633.375923,0,138.0,227.0,-255.0,-255.0,-255.0
158,1269634.196496,0,113.9,230.0,-255.0,-255.0,-255.0
159,1269635.019922,0,156.6,230.0,-255.0,-255.0,-255.0
160,1269635.866084,0,100.7,234.0,-255.0,-255.0,-255.0
161,1269636.66485,0,118.7,234.0,-255.0,-255.0,-255.0
162,1269637.46889,0,154.7,225.0,-255.0,-255.0,-255.0
163,1269638.307343,0,137.1,242.0,-255.0,-255.0,-255.0
164,1269639.130796,0,109.0,242.0,-255.0,-255.0,-255.0
165,1269639.929491,0,106.8,242.0,-255.0,-255.0,-255.0
166,1269640.714854,0,92.3,212.0,-255.0,-255.0,-255.0
167,1269641.512049,0,55.8,212.0,-255.0,-255.0,-255.0
168,1269642.255889,0,102.1,210.0,-255.0,-255.0,-255.0
169,1269643.081868,0,132.1,208.0,-255.0,-255.0,-255.0
170,1269643.907304,0,143.1,208.0,-255.0,-255.0,-255.0
171,1269644.748175,0,57.7,210.0,-255.0,-255.0,-255.0
172,1269645.485123,0,112.2,210.0,-255.0,-255.0,-255.0
173,1269646.2955,0,62.4,215.0,-255.0,-255.0,-255.0
174,1269647.046623,0,87.3,215.0,-255.0,-255.0,-255.0
175,1269647.825776,0,103.5,208.0,-255.0,-255.0,-255.0
176,1269648.61936,0,100.9,226.0,-255.0,-255.0,-255.0
177,1269649.415943,0,105.3,226.0,-255.0,-255.0,-255.0
178,1269650.196758,0,119.7,224.0,-255.0,-255.0,-255.0
179,1269651.015376,0,77.1,221.0,-255.0,-255.0,-255.0
180,1269651.776865,0,66.5,221.0,-255.0,-255.0,-255.0
181,1269652.539097,0,80.2,212.0,-255.0,-255.0,-255.0
182,1269653.31219,0,57.9,208.0,-255.0,-255.0,-255.0
183,1269654.052888,0,83.1,206.0,-255.0,-255.0,-255.0
184,1269654.828712,0,52.4,206.0,-255.0,-255.0,-255.0
185,1269655.567806,0,94.4,223.0,-255.0,-255.0,-255.0
186,1269656.353386,0,115.0,223.0,-255.0,-255.0,-255.0
187,1269657.161323,0,47.7,204.0,-255.0,-255.0,-255.0
188,1269657.907056,0,72.8,200.0,-255.0,-255.0,-255.0
189,1269658.683492,0,81.5,199.0,-255.0,-255.0,-255.0
190,1269659.465242,0,45.9,208.0,-255.0,-255.0,-255.0
191,1269660.221626,0,79.9,220.0,-255.0,-255.0,-255.0
192,1269660.988427,0,89.1,226.0,-255.0,-255.0,-255.0
193,1269661.761792,0,51.7,226.0,-255.0,-255.0,-255.0
194,1269662.501231,0,53.5,226.0,-255.0,-255.0,-255.0
195,1269663.25037,0,119.8,195.0,-255.0,-255.0,-255.0
196,1269664.056604,0,74.5,202.0,-255.0,-255.0,-255.0
197,1269664.823279,0,63.5,220.0,-255.0,-255.0,-255.0
198,1269665.580705,0,81.8,220.0,-255.0,-255.0,-255.0
199,1269666.360759,0,103.2,220.0,-255.0,-255.0,-255.0
200,1269667.150545,0,73.2,381.0,-255.0,-255.0,-255.0
201,1269667.910551,0,89.1,381.0,-255.0,-255.0,-255.0
202,1269668.683549,0,87.0,338.0,-255.0,-255.0,-255.0
203,1269669.456529,0,135.1,330.0,-255.0,-255.0,-255.0
204,1269670.263687,0,67.9,356.0,-255.0,-255.0,-255.0
205,1269671.003232,0,109.5,356.0,-255.0,-255.0,-255.0
206,1269671.796128,0,57.9,324.0,-255.0,-255.0,-255.0
207,1269672.54002,0,104.3,297.0,-255.0,-255.0,-255.0
208,1269673.341961,0,18.8,299.0,-255.0,-255.0,-255.0
209,1269674.056401,0,64.8,299.0,-255.0,-255.0,-255.0
210,1269674.822361,0,54.4,278.0,-255.0,-255.0,-255.0
211,1269675.562663,0,64.6,314.0,-255.0,-255.0,-255.0
212,1269676.295697,0,42.7,314.0,-255.0,-255.0,-255.0
213,1269677.027112,0,61.9,308.0,-255.0,-255.0,-255.0
214,1269677.775662,0,38.8,299.0,-255.0,-255.0,-255.0
215,1269678.501051,0,34.4,289.0,-255.0,-255.0,-255.0
216,1269679.212041,0,59.1,296.0,-255.0,-255.0,-255.0
217,1269679.95449,0,62.8,325.0,-255.0,-255.0,-255.0
218,1269680.711961,0,71.0,339.0,-255.0,-255.0,-255.0
219,1269681.472918,0,30.7,339.0,-255.0,-255.0,-255.0
220,1269682.184908,0,-5.8,307.0,-255.0,-255.0,-255.0
221,1269682.861543,0,58.7,297.0,-255.0,-255.0,-255.0
222,1269683.603606,0,47.8,309.0,-255.0,-255.0,-255.0
223,1269684.351198,0,55.6,309.0,-255.0,-255.0,-255.0
224,1269685.096921,0,75.3,303.0,-255.0,-255.0,-255.0
225,1269685.856007,0,67.0,303.0,-255.0,-255.0,-255.0
226,1269686.615379,0,43.4,299.0,-255.0,-255.0,-255.0
227,1269687.344874,0,65.2,304.0,-255.0,-255.0,-255.0
228,1269688.090934,0,89.9,306.0,-255.0,-255.0,-255.0
229,1269688.858316,0,92.4,309.0,-255.0,-255.0,-255.0
230,1269689.636231,0,41.2,309.0,-255.0,-255.0,-255.0
231,1269690.379527,0,88.3,286.0,-255.0,-255.0,-255.0
232,1269691.155486,0,77.9,273.0,-255.0,-255.0,-255.0
233,1269691.928515,0,80.9,295.0,-255.0,-255.0,-255.0
234,1269692.694511,0,80.7,295.0,-255.0,-255.0,-255.0
235,1269693.460378,0,45.7,314.0,-255.0,-255.0,-255.0
236,1269694.176059,0,-50.0,314.0,-255.0,-255.0,-255.0
237,1269694.935634,0,26.9,271.0,-255.0,-255.0,-255.0
238,1269695.643848,0,143.8,242.0,-255.0,-255.0,-255.0
239,1269696.461583,0,17.8,288.0,-255.0,-255.0,-255.0
240,1269697.154055,0,40.0,288.0,-255.0,-255.0,-255.0
241,1269697.875361,0,49.9,268.0,-255.0,-255.0,-255.0
242,1269698.600433,0,60.5,254.0,-255.0,-255.0,-255.0
243,1269699.352948,0,28.6,254.0,-255.0,-255.0,-255.0
244,1269700.079093,0,83.6,283.0,-255.0,-255.0,-255.0
245,1269700.853859,0,95.0,283.0,-255.0,-255.0,-255.0
246,1269701.634468,0,50.0,253.0,-255.0,-255.0,-255.0
247,1269702.378625,0,86.3,246.0,-255.0,-255.0,-255.0
248,1269703.148105,0,133.6,253.0,-255.0,-255.0,-255.0
249,1269703.975788,0,60.5,253.0,-255.0,-255.0,-255.0
250,1269704.717212,0,100.4,258.0,-255.0,-255.0,-255.0
251,1269705.512173,0,51.5,258.0,-255.0,-255.0,-255.0
252,1269706.253846,0,120.7,266.0,-255.0,-255.0,-255.0
253,1269707.05764,0,52.2,266.0,-255.0,-255.0,-255.0
254,1269707.798191,0,62.6,253.0,-255.0,-255.0,-255.0
255,1269708.556652,0,80.2,270.0,-255.0,-255.0,-255.0
256,1269709.335248,0,86.7,270.0,-255.0,-255.0,-255.0
257,1269710.115624,0,52.5,253.0,-255.0,-255.0,-255.0
258,1269710.85238,0,51.7,253.0,-255.0,-255.0,-255.0
259,1269711.592684,0,72.1,250.0,-255.0,-255.0,-255.0
260,1269712.348484,0,66.5,249.0,-255.0,-255.0,-255.0
261,1269713.111069,0,29.8,249.0,-255.0,-255.0,-255.0
262,1269713.818754,0,18.0,250.0,-255.0,-255.0,-255.0
263,1269714.52694,0,30.5,250.0,-255.0,-255.0,-255.0
264,1269715.250603,0,42.7,245.0,-255.0,-255.0,-255.0
265,1269715.977925,0,76.1,263.0,-255.0,-255.0,-255.0
266,1269716.737736,0,97.5,278.0,-255.0,-255.0,-255.0
267,1269717.511237,0,54.7,291.0,-255.0,-255.0,-255.0
268,1269718.235338,0,116.0,291.0,-255.0,-255.0,-255.0
269,1269719.026737,0,105.6,271.0,-255.0,-255.0,-255.0
270,1269719.810494,0,17.7,268.0,-255.0,-255.0,-255.0
271,1269720.502791,0,60.3,257.0,-255.0,-255.0,-255.0
272,1269721.259772,0,89.6,249.0,-255.0,-255.0,-255.0
273,1269722.027797,0,2.5,278.0,-255.0,-255.0,-255.0
274,1269722.717595,0,62.8,278.0,-255.0,-255.0,-255.0
275,1269723.460019,0,16.5,268.0,-255.0,-255.0,-255.0
276,1269724.157276,0,60.2,304.0,-255.0,-255.0,-255.0
277,1269724.900448,0,53.0,304.0,-255.0,-255.0,-255.0
278,1269725.626614,0,52.7,258.0,-255.0,-255.0,-255.0
279,1269726.36637,0,47.7,258.0,-255.0,-255.0,-255.0
280,1269727.110178,0,10.4,284.0,-255.0,-255.0,-255.0
281,1269727.820914,0,-9.6,284.0,-255.0,-255.0,-255.0
282,1269728.512013,0,60.0,288.0,-255.0,-255.0,-255.0
283,1269729.256263,0,6.6,288.0,-255.0,-255.0,-255.0
284,1269729.947264,0,46.4,283.0,-255.0,-255.0,-255.0
285,1269730.671284,0,22.4,289.0,-255.0,-255.0,-255.0
286,1269731.376761,0,18.5,407.0,-255.0,-255.0,-255.0
287,1269732.073803,0,46.8,407.0,-255.0,-255.0,-255.0
288,1269732.801608,0,13.9,309.0,-255.0,-255.0,-255.0
289,1269733.509728,0,42.0,308.0,-255.0,-255.0,-255.0
290,1269734.241057,0,76.2,289.0,-255.0,-255.0,-255.0
291,1269734.997437,0,80.4,309.0,-255.0,-255.0,-255.0
292,1269735.758346,0,50.6,309.0,-255.0,-255.0,-255.0
293,1269736.492099,0,18.0,283.0,-255.0,-255.0,-255.0
294,1269737.187184,0,53.6,283.0,-255.0,-255.0,-255.0
295,1269737.90752,0,-15.2,273.0,-255.0,-255.0,-255.0
296,1269738.583126,0,39.4,273.0,-255.0,-255.0,-255.0
297,1269739.311607,0,21.2,284.0,-255.0,-255.0,-255.0
298,1269740.020178,0,38.4,284.0,-255.0,-255.0,-255.0
299,1269740.750998,0,48.8,511.0,-255.0,-255.0,-255.0
300,1269741.478131,0,31.9,546.0,-255.0,-255.0,-255.0
301,1269742.179524,0,40.9,546.0,-255.0,-255.0,-255.0
302,1269742.888003,0,78.7,482.0,-255.0,-255.0,-255.0
303,1269743.647024,0,15.6,482.0,-255.0,-255.0,-255.0
304,1269744.34222,0,15.5,544.0,-255.0,-255.0,-255.0
305,1269745.018581,0,40.2,544.0,-255.0,-255.0,-255.0
306,1269745.72801,0,91.5,463.0,-255.0,-255.0,-255.0
307,1269746.493349,0,27.2,478.0,-255.0,-255.0,-255.0
308,1269747.189302,0,36.6,478.0,-255.0,-255.0,-255.0
309,1269747.897076,0,54.3,457.0,-255.0,-255.0,-255.0
310,1269748.619551,0,27.9,394.0,-255.0,-255.0,-255.0
311,1269749.314944,0,37.7,455.0,-255.0,-255.0,-255.0
312,1269750.025736,0,12.7,515.0,-255.0,-255.0,-255.0
313,1269750.706868,0,37.9,515.0,-255.0,-255.0,-255.0
314,1269751.420373,0,34.9,462.0,-255.0,-255.0,-255.0
315,1269752.111177,0,39.9,462.0,-255.0,-255.0,-255.0
316,1269752.817551,0,19.4,448.0,-255.0,-255.0,-255.0
317,1269753.516323,0,20.6,455.0,-255.0,-255.0,-255.0
318,1269754.208034,0,80.3,496.0,-255.0,-255.0,-255.0
319,1269754.943451,0,100.3,496.0,-255.0,-255.0,-255.0
320,1269755.701313,0,49.2,433.0,-255.0,-255.0,-255.0
321,1269756.427559,0,27.8,463.0,-255.0,-255.0,-255.0
322,1269757.13822,0,33.4,478.0,-255.0,-255.0,-255.0
323,1269757.843826,0,62.9,478.0,-255.0,-255.0,-255.0
324,1269758.570584,0,77.3,477.0,-255.0,-255.0,-255.0
325,1269759.31737,0,20.4,463.0,-255.0,-255.0,-255.0
326,1269760.015514,0,28.4,466.0,-255.0,-255.0,-255.0
327,1269760.719784,0,39.7,466.0,-255.0,-255.0,-255.0
328,1269762.118757,0,22.5,409.0,-255.0,-255.0,-255.0
329,1269762.809465,0,62.7,478.0,-255.0,-255.0,-255.0
330,1269763.545993,0,66.6,478.0,-255.0,-255.0,-255.0
331,1269764.293084,0,105.3,410.0,-255.0,-255.0,-255.0
332,1269765.075812,0,33.0,403.0,-255.0,-255.0,-255.0
333,1269765.782872,0,87.4,475.0,-255.0,-255.0,-255.0
334,1269766.509552,0,116.4,475.0,-255.0,-255.0,-255.0
335,1269767.285499,0,50.8,469.0,-255.0,-255.0,-255.0
336,1269768.010794,0,61.4,356.0,-255.0,-255.0,-255.0
337,1269768.758063,0,55.2,344.0,-255.0,-255.0,-255.0
338,1269769.483381,0,130.5,399.0,-255.0,-255.0,-255.0
339,1269770.290451,0,34.0,399.0,-255.0,-255.0,-255.0
340,1269770.99029,0,104.7,363.0,-255.0,-255.0,-255.0
341,1269771.762412,0,44.0,371.0,-255.0,-255.0,-255.0
342,1269772.471589,0,50.8,371.0,-255.0,-255.0,-255.0
343,1269773.192695,0,60.1,360.0,-255.0,-255.0,-255.0
344,1269773.929955,0,62.9,360.0,-255.0,-255.0,-255.0
345,1269774.663435,0,70.6,325.0,-255.0,-255.0,-255.0
346,1269775.408099,0,36.2,330.0,-255.0,-255.0,-255.0
347,1269776.139827,0,0.6,330.0,-255.0,-255.0,-255.0
348,1269776.828245,0,83.7,330.0,-255.0,-255.0,-255.0
349,1269777.591478,0,40.3,330.0,-255.0,-255.0,-255.0
350,1269778.316737,0,66.6,351.0,-255.0,-255.0,-255.0
351,1269779.056716,0,106.6,351.0,-255.0,-255.0,-255.0
352,1269779.852077,0,57.5,343.0,-255.0,-255.0,-255.0
353,1269780.597304,0,17.4,334.0,-255.0,-255.0,-255.0
354,1269781.307049,0,64.3,324.0,-255.0,-255.0,-255.0
355,1269782.064175,0,57.3,330.0,-255.0,-255.0,-255.0
356,1269782.805269,0,67.9,355.0,-255.0,-255.0,-255.0
357,1269783.552068,0,26.0,355.0,-255.0,-255.0,-255.0
358,1269784.263374,0,115.4,371.0,-255.0,-255.0,-255.0
359,1269785.064241,0,70.9,371.0,-255.0,-255.0,-255.0
360,1269785.810986,0,44.7,361.0,-255.0,-255.0,-255.0
361,1269786.539487,0,16.4,361.0,-255.0,-255.0,-255.0
362,1269787.239752,0,41.8,330.0,-255.0,-255.0,-255.0
363,1269787.94844,0,84.8,325.0,-255.0,-255.0,-255.0
364,1269788.711929,0,41.7,314.0,-255.0,-255.0,-255.0
365,1269789.423833,0,60.7,335.0,-255.0,-255.0,-255.0
366,1269790.160935,0,33.9,361.0,-255.0,-255.0,-255.0
367,1269790.870497,0,39.8,361.0,-255.0,-255.0,-255.0
368,1269791.581045,0,54.9,319.0,-255.0,-255.0,-255.0
369,1269792.306163,0,50.8,332.0,-255.0,-255.0,-255.0
370,1269793.031295,0,41.8,340.0,-255.0,-255.0,-255.0
371,1269793.741466,0,47.1,340.0,-255.0,-255.0,-255.0
372,1269794.474495,0,74.8,335.0,-255.0,-255.0,-255.0
373,1269795.219273,0,65.9,351.0,-255.0,-255.0,-255.0
374,1269795.914188,0,41.4,351.0,-255.0,-255.0,-255.0
375,1269796.640386,0,16.7,320.0,-255.0,-255.0,-255.0
376,1269797.333839,0,118.2,368.0,-255.0,-255.0,-255.0
377,1269798.122216,0,25.9,368.0,-255.0,-255.0,-255.0
378,1269798.817694,0,21.3,371.0,-255.0,-255.0,-255.0
379,1269799.510313,0,49.3,371.0,-255.0,-255.0,-255.0
380,1269800.240334,0,24.5,356.0,-255.0,-255.0,-255.0
381,1269800.950158,0,51.3,361.0,-255.0,-255.0,-255.0
382,1269801.675728,0,45.7,361.0,-255.0,-255.0,-255.0
383,1269802.390188,0,32.4,386.0,-255.0,-255.0,-255.0
384,1269803.102039,0,36.0,386.0,-255.0,-255.0,-255.0
385,1269803.808451,0,55.3,370.0,-255.0,-255.0,-255.0
386,1269804.537757,0,27.1,386.0,-255.0,-255.0,-255.0
387,1269805.235618,0,49.9,386.0,-255.0,-255.0,-255.0
388,1269805.962328,0,34.4,361.0,-255.0,-255.0,-255.0
389,1269806.672258,0,19.8,359.0,-255.0,-255.0,-255.0
390,1269807.363653,0,64.2,478.0,-255.0,-255.0,-255.0
391,1269808.092901,0,51.1,478.0,-255.0,-255.0,-255.0
392,1269808.817299,0,17.6,470.0,-255.0,-255.0,-255.0
393,1269809.496562,0,-7.3,478.0,-255.0,-255.0,-255.0
394,1269810.157659,0,22.5,478.0,-255.0,-255.0,-255.0
395,1269810.850977,0,60.0,417.0,-255.0,-255.0,-255.0
396,1269811.576654,0,10.0,478.0,-255.0,-255.0,-255.0
398,1269813.20023,0,-46.2,552.0,-255.0,-255.0,-255.0
399,1269814.256441,0,52.6,665.0,-255.0,-255.0,-255.0
400,1269814.965721,0,9.8,767.0,-255.0,-255.0,-255.0
401,1269815.62277,0,188.1,767.0,-255.0,-255.0,-255.0
402,1269816.472869,0,124.1,767.0,-255.0,-255.0,-255.0
403,1269817.241777,0,136.2,767.0,-255.0,-255.0,-255.0
404,1269818.024106,0,128.9,767.0,-255.0,-255.0,-255.0
405,1269818.801336,0,168.1,767.0,-255.0,-255.0,-255.0
406,1269819.608309,0,136.5,767.0,-255.0,-255.0,-255.0
407,1269820.381572,0,150.0,767.0,-255.0,-255.0,-255.0
408,1269821.177452,0,144.0,767.0,-255.0,-255.0,-255.0
409,1269821.965197,0,117.6,767.0,-255.0,-255.0,-255.0
410,1269822.726434,0,107.0,753.0,-255.0,-255.0,-255.0
411,1269823.490507,0,93.4,742.0,-255.0,-255.0,-255.0
412,1269824.23466,0,60.4,742.0,-255.0,-255.0,-255.0
413,1269824.967587,0,67.6,729.0,-255.0,-255.0,-255.0
414,1269825.695092,0,126.5,634.0,-255.0,-255.0,-255.0
415,1269826.473125,0,93.4,695.0,-255.0,-255.0,-255.0
416,1269827.229452,0,58.7,695.0,-255.0,-255.0,-255.0
417,1269827.939918,0,128.5,665.0,-255.0,-255.0,-255.0
418,1269828.714262,0,74.7,665.0,-255.0,-255.0,-255.0
419,1269829.455625,0,64.1,589.0,-255.0,-255.0,-255.0
420,1269830.183808,0,106.8,658.0,-255.0,-255.0,-255.0
421,1269830.944734,0,97.2,658.0,-255.0,-255.0,-255.0
422,1269831.691454,0,111.1,650.0,-255.0,-255.0,-255.0
423,1269832.460766,0,62.3,683.0,-255.0,-255.0,-255.0
424,1269833.190378,0,103.8,683.0,-255.0,-255.0,-255.0
425,1269833.951557,0,58.1,603.0,-255.0,-255.0,-255.0
426,1269834.682631,0,68.7,595.0,-255.0,-255.0,-255.0
427,1269835.409997,0,101.1,699.0,-255.0,-255.0,-255.0
428,1269836.167002,0,49.5,699.0,-255.0,-255.0,-255.0
429,1269836.876631,0,30.7,670.0,-255.0,-255.0,-255.0
430,1269837.571054,0,97.9,717.0,-255.0,-255.0,-255.0
431,1269838.321539,0,32.1,767.0,-255.0,-255.0,-255.0
432,1269838.998294,0,66.7,767.0,-255.0,-255.0,-255.0
433,1269839.704067,0,71.4,767.0,-255.0,-255.0,-255.0
434,1269841.015609,0,51.6,767.0,-255.0,-255.0,-255.0
435,1269841.722387,0,94.9,732.0,-255.0,-255.0,-255.0
436,1269842.462044,0,81.0,731.0,-255.0,-255.0,-255.0
437,1269843.717837,0,81.9,767.0,-255.0,-255.0,-255.0
438,1269844.427781,0,97.7,767.0,-255.0,-255.0,-255.0
439,1269845.171339,0,149.6,767.0,-255.0,-255.0,-255.0
440,1269845.961262,0,151.0,709.0,-255.0,-255.0,-255.0
441,1269846.771298,0,91.3,709.0,-255.0,-255.0,-255.0
442,1269847.510286,0,158.1,714.0,-255.0,-255.0,-255.0
443,1269848.312861,0,106.9,767.0,-255.0,-255.0,-255.0
444,1269849.054615,0,165.6,767.0,-255.0,-255.0,-255.0
445,1269849.863294,0,122.6,729.0,-255.0,-255.0,-255.0
446,1269850.624871,0,102.6,660.0,-255.0,-255.0,-255.0
447,1269851.388686,0,118.3,767.0,-255.0,-255.0,-255.0
448,1269853.017519,0,176.7,767.0,-255.0,-255.0,-255.0
449,1269853.836853,0,98.5,752.0,-255.0,-255.0,-255.0
450,1269854.579928,0,101.5,693.0,-255.0,-255.0,-255.0
451,1269855.336691,0,119.9,724.0,-255.0,-255.0,-255.0
452,1269856.113152,0,89.7,767.0,-255.0,-255.0,-255.0
453,1269856.856364,0,126.5,767.0,-255.0,-255.0,-255.0
454,1269858.23541,0,174.3,767.0,-255.0,-255.0,-255.0
455,1269859.056637,0,138.3,711.0,-255.0,-255.0,-255.0
456,1269859.854524,0,121.5,759.0,-255.0,-255.0,-255.0
457,1269860.639627,0,137.1,767.0,-255.0,-255.0,-255.0
458,1269861.420921,0,157.2,767.0,-255.0,-255.0,-255.0
459,1269862.215893,0,128.1,714.0,-255.0,-255.0,-255.0
460,1269862.988377,0,105.8,724.0,-255.0,-255.0,-255.0
461,1269863.753008,0,152.0,724.0,-255.0,-255.0,-255.0
462,1269864.560571,0,105.0,698.0,-255.0,-255.0,-255.0
463,1269865.32089,0,110.4,725.0,-255.0,-255.0,-255.0
464,1269866.074624,0,142.9,725.0,-255.0,-255.0,-255.0
465,1269866.8688,0,44.8,705.0,-255.0,-255.0,-255.0
466,1269867.564135,0,86.3,675.0,-255.0,-255.0,-255.0
467,1269868.312369,0,42.4,767.0,-255.0,-255.0,-255.0
468,1269869.01056,0,64.9,767.0,-255.0,-255.0,-255.0
469,1269869.720865,0,60.9,767.0,-255.0,-255.0,-255.0
470,1269870.432541,0,69.7,767.0,-255.0,-255.0,-255.0
471,1269871.156929,0,5.7,767.0,-255.0,-255.0,-255.0
472,1269871.814526,0,94.3,767.0,-255.0,-255.0,-255.0
473,1269873.427522,0,182.6,767.0,-255.0,-255.0,-255.0
474,1269874.259431,0,61.1,767.0,-255.0,-255.0,-255.0
475,1269874.968852,0,12.8,767.0,-255.0,-255.0,-255.0
476,1269875.625431,0,101.7,767.0,-255.0,-255.0,-255.0
477,1269876.362159,0,82.1,767.0,-255.0,-255.0,-255.0
478,1269877.683328,0,51.3,761.0,-255.0,-255.0,-255.0
479,1269878.376976,0,92.9,761.0,-255.0,-255.0,-255.0
480,1269879.103422,0,102.5,753.0,-255.0,-255.0,-255.0
481,1269879.840429,0,141.5,755.0,-255.0,-255.0,-255.0
482,1269880.628289,0,119.3,755.0,-255.0,-255.0,-255.0
483,1269881.404366,0,79.2,688.0,-255.0,-255.0,-255.0
484,1269882.13403,0,135.6,767.0,-255.0,-255.0,-255.0
485,1269882.918654,0,131.2,767.0,-255.0,-255.0,-255.0
486,1269883.679784,0,102.1,767.0,-255.0,-255.0,-255.0
487,1269884.42616,0,130.5,767.0,-255.0,-255.0,-255.0
488,1269885.219406,0,122.5,767.0,-255.0,-255.0,-255.0
489,1269886.832181,0,67.5,688.0,-255.0,-255.0,-255.0
490,1269887.561909,0,52.5,688.0,-255.0,-255.0,-255.0
491,1269888.257094,0,77.9,670.0,-255.0,-255.0,-255.0
492,1269889.873086,0,179.0,746.0,-255.0,-255.0,-255.0
493,1269890.691614,0,91.2,746.0,-255.0,-255.0,-255.0
494,1269891.438822,0,65.0,680.0,-255.0,-255.0,-255.0
495,1269892.144142,0,79.9,706.0,-255.0,-255.0,-255.0
496,1269892.870167,0,100.9,759.0,-255.0,-255.0,-255.0
497,1269894.214515,0,96.5,767.0,-255.0,-255.0,-255.0
498,1269894.976619,0,75.5,739.0,-255.0,-255.0,-255.0
499,1269895.700455,0,93.0,739.0,-255.0,-255.0,-255.0
500,1269896.443239,0,116.0,679.0,-255.0,-255.0,-255.0
1,1269898.449537,0,N/A,60.0,-255.0,-255.0,-255.0
2,1269900.068238,0,N/A,55.0,-255.0,-255.0,-255.0
3,1269901.69348,0,N/A,48.0,-255.0,-255.0,-255.0
4,1269903.309582,0,N/A,46.0,-255.0,-255.0,-255.0
5,1269904.934824,0,N/A,42.0,-255.0,-255.0,-255.0
6,1269906.554517,0,N/A,38.0,-255.0,-255.0,-255.0
7,1269908.173102,0,N/A,35.0,-255.0,-255.0,-255.0
8,1269909.788468,0,N/A,32.0,-255.0,-255.0,-255.0
9,1269911.403796,0,N/A,32.0,-255.0,-255.0,-255.0
10,1269913.034341,0,N/A,32.0,-255.0,-255.0,-255.0
11,1269914.651174,0,N/A,30.0,-255.0,-255.0,-255.0
12,1269916.282582,0,N/A,31.0,-255.0,-255.0,-255.0
13,1269917.900478,0,N/A,29.0,-255.0,-255.0,-255.0
14,1269919.519594,0,N/A,29.0,-255.0,-255.0,-255.0
15,1269921.147199,0,N/A,26.0,-255.0,-255.0,-255.0
16,1269922.756626,0,N/A,26.0,-255.0,-255.0,-255.0
17,1269924.367038,0,N/A,26.0,-255.0,-255.0,-255.0
18,1269925.978857,0,N/A,26.0,-255.0,-255.0,-255.0
19,1269927.593576,0,N/A,26.0,-255.0,-255.0,-255.0
20,1269929.213345,0,N/A,22.0,-255.0,-255.0,-255.0
21,1269930.833024,0,N/A,22.0,-255.0,-255.0,-255.0
22,1269932.457995,0,N/A,22.0,-255.0,-255.0,-255.0
23,1269934.083486,0,N/A,22.0,-255.0,-255.0,-255.0
24,1269935.700088,0,N/A,22.0,-255.0,-255.0,-255.0
25,1269937.311386,0,N/A,20.0,-255.0,-255.0,-255.0
26,1269938.927305,0,N/A,19.0,-255.0,-255.0,-255.0
27,1269940.549881,0,N/A,19.0,-255.0,-255.0,-255.0
28,1269942.161561,0,N/A,19.0,-255.0,-255.0,-255.0
29,1269943.783234,0,N/A,19.0,-255.0,-255.0,-255.0
30,1269945.400067,0,N/A,19.0,-255.0,-255.0,-255.0
31,1269947.021422,0,N/A,19.0,-255.0,-255.0,-255.0
32,1269948.645866,0,N/A,18.0,-255.0,-255.0,-255.0
33,1269950.264264,0,N/A,18.0,-255.0,-255.0,-255.0
34,1269951.876399,0,N/A,16.0,-255.0,-255.0,-255.0
35,1269953.490856,0,N/A,16.0,-255.0,-255.0,-255.0
36,1269955.115862,0,N/A,19.0,-255.0,-255.0,-255.0
37,1269956.736496,0,N/A,18.0,-255.0,-255.0,-255.0
38,1269958.36461,0,N/A,17.0,-255.0,-255.0,-255.0
39,1269959.987865,0,N/A,18.0,-255.0,-255.0,-255.0
40,1269961.602251,0,N/A,16.0,-255.0,-255.0,-255.0
41,1269963.219559,0,N/A,16.0,-255.0,-255.0,-255.0
42,1269964.850229,0,N/A,16.0,-255.0,-255.0,-255.0
43,1269966.475402,0,N/A,16.0,-255.0,-255.0,-255.0
44,1269968.106069,0,N/A,16.0,-255.0,-255.0,-255.0
45,1269969.723963,0,N/A,16.0,-255.0,-255.0,-255.0
46,1269971.347965,0,N/A,16.0,-255.0,-255.0,-255.0
47,1269972.956332,0,N/A,13.0,-255.0,-255.0,-255.0
48,1269974.581834,0,N/A,15.0,-255.0,-255.0,-255.0
49,1269976.207978,0,N/A,15.0,-255.0,-255.0,-255.0
50,1269977.826936,0,N/A,16.0,-255.0,-255.0,-255.0
